Index,Initial x,Initial y,Initial vx,Initial vy,Initial vz,Period,Jacobi Constant,Stability Index,Eig1,Eig2,Eig3,Eig4,Eig5,Eig6
0,-0.07382258420377345,1.1077389595069491,0.5581366816498196,0.5254372132758969,-0.8120532431884011,25.140537305367197,1.782126350670258,1.0204140484967525,(1.223502281463395+0j),(0.8173258155300621+0j),(0.9999999999641136+8.555293859399725e-06j),(0.9999999999641136-8.555293859399725e-06j),(0.9999998887049921+0j),(1.0000001112950196+0j)
1,-0.0738231980020694,1.107737659764312,0.558143697062923,0.5254376657225388,-0.8120601999127108,25.140537647752705,1.7821059901319534,1.0204142304229544,(1.2235033774733826+0j),(0.817325083372533+0j),(0.999911909647536+0.013273015713786678j),(0.999911909647536-0.013273015713786678j),(0.999999946326839+0j),(1.0000000536730942+0j)
2,-0.07382409068150268,1.1077389427985975,0.5581364732768621,0.5254380169758632,-0.8120534791956313,25.140537320974957,1.7821254225180831,1.0204140557479697,(1.2235023251481285+0j),(0.8173257863476403+0j),(0.9999964838175561+0.002651859139847143j),(0.9999964838175561-0.002651859139847143j),(0.9999996732973745+0j),(1.0000003267023916+0j)
3,-0.07383241748887336,1.1077392346265922,0.558133212159589,0.5254424221476428,-0.8120527453500481,25.14053730740557,1.7821262290323505,1.0204140491451061,(1.2235022853693491+0j),(0.8173258129207713+0j),(0.9999994835768402+0.0010162860433764835j),(0.9999994835768402-0.0010162860433764835j),(0.9999997264015709+0j),(1.0000002736064428+0j)
4,-0.07384082958850872,1.107739479083202,0.5581301948600428,0.5254468773008009,-0.8120522715683767,25.140537306797608,1.7821262641617779,1.0204140476415393,(1.223502276311223+0j),(0.8173258189721372+0j),(0.999999720688246+0.0007474493972417181j),(0.999999720688246-0.0007474493972417181j),(0.9999999605309948+0j),(1.0000000394190687+0j)
5,-0.07384924200575013,1.1077397234627806,0.5581271785828812,0.5254513326202904,-0.8120517985827554,25.140537306224154,1.7821262966352305,1.0204140459461226,(1.2235022660971904+0j),(0.8173258257950377+0j),(0.9999997540285718+0.000701384600005467j),(0.9999997540285718-0.000701384600005467j),(0.9999999709504083+0j),(1.0000000290583513+0j)
6,-0.07385765672363102,1.1077399665761463,0.5581241694689411,0.5254557892773761,-0.812051332900666,25.140537306009104,1.7821263071800884,1.0204140436545697,(1.223502252291758+0j),(0.8173258350173617+0j),(0.9999997808379122+0.0006621237195262418j),(0.9999997808379122-0.0006621237195262418j),(0.9999999483044895+0j),(1.0000000516151273+0j)
7,-0.07386607106681695,1.1077402100331057,0.558121159207268,0.5254602456917,-0.8120508657161579,25.14053730571411,1.7821263218734793,1.0204140406672182,(1.2235022342943263+0j),(0.8173258470399193+0j),(0.9999998494151545+0.0005487224732826725j),(0.9999998494151545-0.0005487224732826725j),(1.0000000000387415+6.113427207963942e-08j),(1.0000000000387415-6.113427207963942e-08j)
8,-0.07387448585496605,1.1077404533394097,0.5581181503501247,0.5254647023476061,-0.8120503997328504,25.140537305473682,1.782126332709316,1.020414037191398,(1.2235022133541569+0j),(0.8173258610283146+0j),(0.9999998594319275+0.0005305453776203438j),(0.9999998594319275-0.0005305453776203438j),(0.9999999998332976+9.114746933288989e-08j),(0.9999999998332976-9.114746933288989e-08j)
9,-0.07388290040139128,1.1077406969103925,0.5581151407522463,0.5254691588391803,-0.8120499326789509,25.140537305174792,1.7821263464146635,1.0204140332125435,(1.223502189383746+0j),(0.8173258770411662+0j),(0.9999998170152797+0.0006047444395763567j),(0.9999998170152797-0.0006047444395763567j),(0.9999999371859587+0j),(1.0000000630580776+0j)
10,-0.07389131761624405,1.107740938987221,0.558112139504967,0.5254736168870725,-0.8120494741797092,25.140537305296434,1.7821263344853595,1.020414028527955,(1.2235021611614327+0j),(0.8173258958942379+0j),(0.9999998219244703+0.0005969592221295152j),(0.9999998219244703-0.0005969592221295152j),(0.9999999553189635+0j),(1.0000000444759622+0j)
11,-0.07397547427526882,1.1077433755918324,0.558082079718558,0.5255181870381807,-0.8120448233113441,25.1405373029474,1.7821263937299952,1.0204139488621402,(1.2235016812154202+0j),(0.8173262165087892+0j),(0.9999995237776138+0.0009760541645673251j),(0.9999995237776138-0.0009760541645673251j),(0.9999998677930899+0j),(1.0000001319736305+0j)
12,-0.07406805120311237,1.1077460666788854,0.5580490305521533,0.525567214470942,-0.8120396917869723,25.140537298985798,1.7821264702551667,1.0204137915068365,(1.223500733226628+0j),(0.8173268497864054+0j),(0.9999988700222244+0.0015033240811969564j),(0.9999988700222244-0.0015033240811969564j),(0.9999998525799093+0j),(1.0000001474021525+0j)
13,-0.0741698881871391,1.1077490418888294,0.558012686588795,0.5256211430749491,-0.8120340177302188,25.140537292436626,1.7821265994097701,1.020413534002813,(1.223499181885942+0j),(0.8173278861198751+0j),(0.9999977993081397+0.002097975695466874j),(0.9999977993081397-0.002097975695466874j),(0.9999998496390349+0j),(1.0000001502344362+0j)
14,-0.07428191261189096,1.1077523322402012,0.5579727232687045,0.5256804631620129,-0.8120277436818821,25.140537282728385,1.7821267871382875,1.020413148703662,(1.2234968606235332+0j),(0.8173294367833758+0j),(0.9999961803796238+0.0027639042714562756j),(0.9999961803796238-0.0027639042714562756j),(0.9999997698147646+0j),(1.0000002302479003+0j)
15,-0.07440514330547146,1.1077559733468512,0.5579287796761393,0.5257457131776687,-0.812020800553344,25.140537268907874,1.782127055570124,1.0204126015075754,(1.223493563971883+0j),(0.8173316390431982+0j),(0.9999938630528531+0.0035034003584392733j),(0.9999938630528531-0.0035034003584392733j),(0.9999997380904542+0j),(1.0000002619474224+0j)
16,-0.07454070185098362,1.1077600047249356,0.5578804617023222,0.5258174857716623,-0.812013113279121,25.140537249933978,1.782127424053918,1.0204118504297666,(1.2234890389503112+0j),(0.8173346619089968+0j),(0.999990687733527+0.004315613696956981j),(0.999990687733527-0.004315613696956981j),(0.9999996835927017+0j),(1.000000316340459+0j)
17,-0.07468982209667124,1.1077644708218846,0.5578273363769488,0.5258964327321968,-0.8120045972915253,25.140537224515192,1.7821279170905906,1.0204108440327688,(1.2234829756007204+0j),(0.8173387124645309+0j),(0.9999864234019404+0.005210852682475119j),(0.9999864234019404-0.005210852682475119j),(0.9999996168618684+0j),(1.0000003831678925+0j)
18,-0.07485386139532497,1.1077694217181282,0.5577689280771849,0.5259832708676526,-0.8119951571307765,25.140537191052932,1.7821285655884196,1.0204095193009108,(1.2234749941594825+0j),(0.8173440444414063+0j),(0.9999808093226363+0.006195232546318986j),(0.9999808093226363-0.006195232546318986j),(0.9999995651803363+0j),(1.0000004348915954+0j)
19,-0.07503431292081314,1.1077749139685455,0.5577047142233442,0.5260787884401175,-0.8119846846672614,25.140537147564842,1.7821294088697268,1.020407799280488,(1.223464630814048+0j),(0.8173509677470577+0j),(0.9999735102241457+0.007278660093267014j),(0.9999735102241457-0.007278660093267014j),(0.9999994682039539+0j),(1.0000005317569893+0j)
20,-0.07523281968898463,1.1077810113041415,0.5576341220365547,0.5261838525146969,-0.8119730585756085,25.140537091668545,1.7821304924874997,1.0204055901231444,(1.2234513198358432+0j),(0.8173598604107465+0j),(0.9999641281420002+0.008470091762233758j),(0.9999641281420002-0.008470091762233758j),(0.9999993442612387+0j),(1.0000006557166452+0j)
21,-0.07545118919652159,1.1077877859308527,0.5575565225454118,0.526299416564033,-0.8119601410420186,25.140537020426518,1.7821318737139054,1.020402777664778,(1.2234343729052506+0j),(0.8173711824240513+0j),(0.9999521665552191+0.009780826513121215j),(0.9999521665552191-0.009780826513121215j),(0.9999992091055454+0j),(1.0000007909171722+0j)
22,-0.07569141024015572,1.1077953196123278,0.5574712262579837,0.5264265292467374,-0.8119457763236658,25.140536930279367,1.7821336208923806,1.0203992232517025,(1.2234129538520349+0j),(0.8173854926503517+0j),(0.9999370401833438+0.01122121422779969j),(0.9999370401833438-0.01122121422779969j),(1.0000000000101705+5.730527262519219e-08j),(1.0000000000101705-5.730527262519219e-08j)
23,-0.0759254033295613,1.1078027397107986,0.5573882094970005,0.5265503308123548,-0.8119316278576557,25.14053683058771,1.7821355537790926,1.0203952996700862,(1.2233893084210812+0j),(0.8174012909190769+0j),(0.9999202941338583+0.012625582748566266j),(0.9999202941338583-0.012625582748566266j),(0.9999999072557706+0j),(1.000000092770325+0j)
24,-0.07618281217305772,1.107810995270789,0.5572969634835471,0.5266865034786812,-0.811915886310662,25.140536707416697,1.7821379414120706,1.0203904608747718,(1.2233601449269214+0j),(0.8174207768232037+0j),(0.9998995911529607+0.014170660699587308j),(0.9998995911529607-0.014170660699587308j),(0.9999998784732296+0j),(1.000000121517297+0j)
25,-0.07646598153875092,1.10782018935571,0.5571966802863134,0.5268362823270759,-0.8118983548935972,25.140536555581516,1.7821408846531328,1.0203845101119335,(1.2233242757478746+0j),(0.8174447444760661+0j),(0.9998740576591543+0.015870375636181117j),(0.9998740576591543-0.015870375636181117j),(0.9999999999993661+1.1889802127662317e-07j),(0.9999999999993661-1.1889802127662317e-07j)
26,-0.07677749127364393,1.1078304393863216,0.5570864743129922,0.5270010254891193,-0.8118788093113,25.140536368786147,1.7821445060638132,1.0203772110220597,(1.223280273524627+0j),(0.8174741485189103+0j),(0.999842622895159+0.01774061541185369j),(0.999842622895159-0.01774061541185369j),(0.9999998717524792+0j),(1.000000128261148+0j)
27,-0.07712018010533445,1.1078418793049407,0.5569653757859521,0.5271822264602031,-0.8118569939937804,25.140536139418867,1.7821489526833996,1.0203682804352274,(1.223226427223427+0j),(0.8175101336475065+0j),(0.9998039911152653+0.019798469007479672j),(0.9998039911152653-0.019798469007479672j),(0.9999999999913882+6.036253004821751e-08j),(0.9999999999913882-6.036253004821751e-08j)
28,-0.07749717136847864,1.1078546623928707,0.5568323222345254,0.5273815273342337,-0.8118326160916898,25.14053585822695,1.7821544041347122,1.0203573802801569,(1.2231606926105645+0j),(0.8175540679506189+0j),(0.9997565819953712+0.02206301840695632j),(0.9997565819953712-0.02206301840695632j),(0.9999999999930932+9.516575458072108e-08j),(0.9999999999930932-9.516575458072108e-08j)
29,-0.07791190177379201,1.1078689643145376,0.5566861507175656,0.5276007336044393,-0.8118053399394385,25.14053551400048,1.7821610777578791,1.0203441085492213,(1.2230806367110336+0j),(0.8176075803883646+0j),(0.9996984743067054+0.024555253598097692j),(0.9996984743067054-0.024555253598097692j),(0.9999999252006816+0j),(1.0000000747885534+0j)
30,-0.07836815281530433,1.1078849868552474,0.5565255886704442,0.5278418302497709,-0.811774779651328,25.140535093147093,1.7821692374592233,1.0203279895726478,(1.222983377621821+0j),(0.8176726015244614+0j),(0.9996273228710032+0.027298633402422303j),(0.9996273228710032-0.027298633402422303j),(0.9999999379871259+0j),(1.0000000620003262+0j)
31,-0.07887008554601747,1.1079029622053391,0.5563492447334273,0.528106999508547,-0.8117404910747574,25.140534579212623,1.782179202293802,1.0203084637935034,(1.2228655206646175+0j),(0.8177514069214735+0j),(0.9995402760824166+0.03031891287311665j),(0.9995402760824166-0.03031891287311665j),(0.9999998770975141+0j),(1.0000001229132696+0j)
32,-0.07942227862983792,1.107923158143242,0.5561555982787921,0.5283986402352849,-0.8117019615397143,25.14053395226701,1.7821913590534348,1.0202848777935767,(1.222723095169283+0j),(0.8178466604179577+0j),(0.9994338541003559+0.03364478101426157j),(0.9994338541003559-0.03364478101426157j),(0.9999999730749052+0j),(1.0000000269192555+0j)
33,-0.08002977034262099,1.1079458840765097,0.5559429886512438,0.5287193891942705,-0.8116585981720101,25.14053318818517,1.7822061761126617,1.0202564753706092,(1.2225514964058743+0j),(0.817961454335828+0j),(0.9993038107304717+0.03730809392227855j),(0.9993038107304717-0.03730809392227855j),(0.9999998930266772+0j),(1.0000001069661326+0j)
34,-0.08069810478351304,1.107971498181882,0.5557096037662915,0.5290721443865702,-0.8116097140402311,25.140532257779693,1.7822242201618859,1.0202223911964532,(1.2223454415854598+0j),(0.818099340807318+0j),(0.9991449573623193+0.041344336781662605j),(0.9991449573623193-0.041344336781662605j),(0.9999999320342805+0j),(1.0000000679590608+0j)
35,-0.0814333826294587,1.1080004158847465,0.5554534678434838,0.5294600905380495,-0.8115545114804944,25.14053112574343,1.7822461771597407,1.0201816490818572,(1.2220989517663416+0j),(0.8182643463979219+0j),(0.9989509482528709+0.045793045107774454j),(0.9989509482528709-0.045793045107774454j),(0.9999998281642861+0j),(1.0000001718310108+0j)
36,-0.08224231707998757,1.1080331198135716,0.555172428937329,0.5298867270605602,-0.8114920627352534,25.1405297493964,1.7822728763253939,1.0201331677948273,(1.2218053771720976+0j),(0.8184609584198299+0j),(0.9987140123355281+0.05069833905848143j),(0.9987140123355281-0.05069833905848143j),(0.9999998554296827+0j),(1.0000001445542044+0j)
37,-0.08313229515667914,1.108070171674214,0.5548641453351373,0.5303558984834962,-0.8114212863183872,25.14052807714612,1.782305321058253,1.0200757782782077,(1.2214574890371357+0j),(0.8186940675150619+0j),(0.9984246177827405+0.05610955879352917j),(0.9984246177827405-0.05610955879352917j),(0.9999997902510868+0j),(1.0000002097591838+0j)
38,-0.08411144527611095,1.1081122261678458,0.5545260721498777,0.530871827809208,-0.8113409196599646,25.140526046669827,1.7823447240546801,1.0200082569733275,(1.221047666775898+0j),(0.8189688471714347+0j),(0.9980710621341018+0.062081840583227764j),(0.9980710621341018-0.062081840583227764j),(0.9999997315710712+0j),(1.0000002684264337+0j)
39,-0.08518871134340238,1.1081600474986322,0.5541554472573439,0.5314391528059836,-0.81124948622226,25.140523582710113,1.7823925508382372,1.0199293808599847,(1.2205682154395139+0j),(0.8192905462817027+0j),(0.9976389568877742+0.06867686428738047j),(0.9976389568877742-0.06867686428738047j),(0.9999996496028447+0j),(1.000000350399939+0j)
40,-0.0863739340615948,1.1082145288627363,0.553749277056037,0.5320629655102547,-0.8111452564341471,25.140520594428185,1.7824505722355384,1.0198380095764383,(1.2200118484686158+0j),(0.8196641706851551+0j),(0.9971105982892079+0.07596350952307775j),(0.9971105982892079-0.07596350952307775j),(0.999999494972537+0j),(1.0000005050262595+0j)
41,-0.08767794012789491,1.1082767154152613,0.5533043223917351,0.5327488551703974,-0.8110262014225054,25.140516972233886,1.7825209272008808,1.0197331988770049,(1.219372365601751+0j),(0.820094032148807+0j),(0.9964641945084578+0.08401850416905768j),(0.9964641945084578-0.08401850416905768j),(0.9999992924049405+0j),(1.0000007076036443+0j)
42,-0.08911263990735308,1.108347831339583,0.5528170847044284,0.5335029547811276,-0.8108899379850382,25.140512583982208,1.7826061987603392,1.0196143461643383,(1.2186455369446887+0j),(0.8205831553822622+0j),(0.9956729300609803+0.09292694085210061j),(0.9956729300609803-0.09292694085210061j),(0.9999998989860953+0j),(1.000000101014253+0j)
43,-0.09056060257237619,1.1084224458591623,0.5523277829107951,0.534263460730449,-0.8107468379796918,25.14050772905379,1.7827005860725442,1.0194923956950481,(1.2178979018687137+0j),(0.9947879380542901+0.10196547608413904j),(0.9947879380542901-0.10196547608413904j),(0.8210868895220593+0j),(0.999999999998745+8.207646153937976e-08j),(0.999999999998745-8.207646153937976e-08j)
44,-0.09215366417311761,1.108507805988297,0.5517922597060567,0.5350995224023419,-0.8105829593070344,25.14050189552885,1.7828140646487913,1.0193578937966064,(1.2170711094536615+0j),(0.9937124788424272+0.11196208906402164j),(0.9937124788424272-0.11196208906402164j),(0.8216446781429544+0j),(0.9999998962071597+0j),(1.0000001037933421+0j)
45,-0.09390635802392248,1.1086056386291667,0.5512064490976105,0.5360185718801909,-0.8103949088559833,25.140494884979223,1.7829505347107517,1.019211770198078,(1.2161702239641716+0j),(0.99240443441647+0.12301804150585549j),(0.99240443441647-0.12301804150585549j),(0.8222533164310466+0j),(1.00000000000071+5.590934142972568e-08j),(1.00000000000071-5.590934142972568e-08j)
46,-0.09583466315285838,1.1087179678812729,0.5505659893401255,0.537028752115343,-0.8101786922296313,25.140486459023027,1.7831146945944765,1.0190557509280094,(1.2152052436600795+0j),(0.9908125854822594+0.13524208093714654j),(0.9908125854822594-0.13524208093714654j),(0.822906258194918+0j),(0.9999999999987248+1.1254741488659778e-07j),(0.9999999999987248-1.1254741488659778e-07j)
47,-0.09795614342401185,1.108847166800434,0.549866213758609,0.5381389790924348,-0.8099296030370355,25.140476331437387,1.7833122043756464,1.018892422113327,(1.2141915973291029+0j),(0.988874905373733+0.14874952611431774j),(0.988874905373733-0.14874952611431774j),(0.823593246902062+0j),(0.9999999999996708+7.127693453100733e-08j),(0.9999999999996708-7.127693453100733e-08j)
48,-0.1002900984276912,1.1089960175959765,0.5491021440241043,0.5393590077182748,-0.8096420921803685,25.140464158785694,1.7835498823149618,1.0187252056160796,(1.2131501128597364+0j),(0.9865166269287905+0.16366106679520823j),(0.9865166269287905-0.16366106679520823j),(0.8243002983703162+0j),(0.9999999999996725+7.280710527720182e-08j),(0.9999999999996725-7.280710527720182e-08j)
49,-0.10285772642979438,1.109167781450548,0.5482684858643108,0.5406995009587569,-0.809309613225283,25.140449529281945,1.783835942345124,1.0185582293049156,(1.2121063279370223+0j),(0.9836480448998444+0.18010142633236118j),(0.9836480448998444-0.18010142633236118j),(0.8250101306711004+0j),(0.9999999999999774+8.583088829557139e-08j),(0.9999999999999774-8.583088829557139e-08j)
50,-0.10568229970163937,1.1093662791282244,0.5473596277152469,0.5421721016211164,-0.8089244399753932,25.14043194959638,1.7841802805457387,1.0183960985533187,(1.2110891538215889+0j),(0.9801619815954593+0.1981981075740958j),(0.9801619815954593-0.1981981075740958j),(0.8257030432862474+0j),(0.9999999999992615+5.138186517129259e-08j),(0.9999999999992615-5.138186517129259e-08j)
51,-0.10878935220402884,1.109595983621521,0.5463696422769588,0.5437895057425498,-0.8084774514043176,25.140410829251582,1.7845948215184773,1.018243603602113,(0.975930804055797+0.21808041108133927j),(0.975930804055797-0.21808041108133927j),(1.2101290805841318+0j),(0.8263581266211226+0j),(0.9999999999989446+1.2326990744455756e-07j),(0.9999999999989446-1.2326990744455756e-07j)
52,-0.11220687934348088,1.1098621260697799,0.5452922907929861,0.545565536103419,-0.8079578785401099,25.140385462212443,1.7850939374781383,1.0181054182164844,(0.9708028493210058+0.23987877719156422j),(0.9708028493210058-0.23987877719156422j),(1.2092562555194035+0j),(0.8269545809131584+0j),(0.9999999754159425+0j),(1.000000024584749+0j)
53,-0.11596554900429648,1.1101708161870858,0.5441210290527666,0.5475152136562298,-0.807353006756009,25.14035500520985,1.7856949568789946,1.0179858490665166,(0.9645980946439953+0.2637243177971045j),(0.9645980946439953-0.2637243177971045j),(1.208498811614877+0j),(0.8274728865162575+0j),(0.9999998780901898+0j),(1.0000001219110501+0j)
54,-0.12009892261071435,1.1105291783528122,0.5428490136358896,0.5496548238448477,-0.8066478261260551,25.140318452281935,1.7864187826466225,1.0178886793574389,(0.9571029080863678+0.28974820678128976j),(0.9571029080863678-0.28974820678128976j),(1.2078817412408116+0j),(0.8278956174735084+0j),(0.9999997879131212+0j),(1.0000002120870115+0j)
55,-0.12464368423320929,1.1109455044732393,0.5414691057041967,0.5520019735678814,-0.8058246210616594,25.140274604937968,1.7872906457862836,1.0178171220849341,(0.9480637212253766+0.31808046229282794j),(0.9480637212253766-0.31808046229282794j),(1.2074264415005629+0j),(0.8282078026700903+0j),(0.9999995583790274+0j),(1.0000004416222983+0j)
56,-0.1296398748529178,1.1114294247051695,0.5399738682177159,0.5545756329354679,-0.8048624887449917,25.140222037260642,1.788341027094555,1.0177738697000278,(0.9371794679196845+0.3488475955385239j),(0.9371794679196845-0.3488475955385239j),(1.2071508742284796+0j),(0.8283968651722877+0j),(0.9999999161382619+0j),(1.0000000838609686+0j)
57,-0.1347756876344114,1.11195471852725,0.5384595325285765,0.5572138480805023,-0.8038117868443007,25.140163295518757,1.7895213211188734,1.0177610643729518,(0.9249749426676246+0.38002809820311145j),(0.9249749426676246-0.38002809820311145j),(1.2070692368098401+0j),(0.8284528919303344+0j),(0.9999999314815174+0j),(1.0000000685198271+0j)
58,-0.14041942922141734,1.112563573512932,0.5368206368887015,0.5601041782325256,-0.8025858722699785,25.140093313920325,1.7909363750928995,1.017777020823642,(0.9103948797595482+0.4137404535758964j),(0.9103948797595482-0.4137404535758964j),(1.2071709597877092+0j),(0.8283830818587206+0j),(0.999999890317293+0j),(1.0000001096820639+0j)
59,-0.14661957895604918,1.1132694448008766,0.5350488772437669,0.563268549740218,-0.8011539812211096,25.140009962963134,1.7926342520021359,1.0178237914551955,(0.8929883737316331+0.4500797311366807j),(0.8929883737316331-0.4500797311366807j),(1.2074689085856392+0j),(0.8281786743226165+0j),(0.9999998776289379+0j),(1.0000001223715667+0j)
60,-0.15342869836455666,1.114087825670467,0.5331354754930091,0.5667301243697235,-0.7994798736807233,25.139910723472198,1.794673218818039,1.0179033743840176,(0.8722203863473972+0.48911307245494967j),(0.8722203863473972-0.48911307245494967j),(1.207975149201768+0j),(0.8278315995681975+0j),(0.9999999999995521+1.0303226481743694e-07j),(0.9999999999995521-1.0303226481743694e-07j)
61,-0.16090361597834732,1.115036521888019,0.5310710637719522,0.5705131349925758,-0.7975208535491864,25.139792618776916,1.7971240433701348,1.0180177325292834,(0.8474560589640338+0.5308655461945947j),(0.8474560589640338-0.5308655461945947j),(1.2087009875467691+0j),(0.8273344775128666+0j),(0.9999998921734978+0j),(1.0000001078263883+0j)
62,-0.169105568193306,1.1161359681946859,0.5288455250615578,0.5746426158753085,-0.7952266004796307,25.1396521353365,1.8000728468410432,1.018168755120635,(0.8179419237246501+0.5753007990705901j),(0.8179419237246501-0.5753007990705901j),(1.2096566500484973+0j),(0.8266808601949414+0j),(0.9999994983684001+0j),(1.0000005016322235+0j)
63,-0.17810027088705074,1.1174096047790887,0.5264477924465907,0.5791439889452643,-0.792537767606229,25.139485129581647,1.8036246500364395,1.0183581453269646,(0.7827832151468377+0.622294494647601j),(0.7827832151468377-0.622294494647601j),(1.2108505144063004+0j),(0.8258657762486482+0j),(0.999999999999919+1.509677767043436e-07j),(0.999999999999919-1.509677767043436e-07j)
64,-0.1874340804417058,1.1188039453961647,0.5240017350814036,0.58378311793202,-0.7895572811979655,25.139297663441447,1.8076697464044171,1.018574584497107,(0.7432284762228238+0.669037691130377j),(0.7432284762228238-0.669037691130377j),(1.2122087348507304+0j),(0.8249404341427483+0j),(0.9999998719090918+0j),(1.0000001280904582+0j)
65,-0.19765828008430358,1.1204138081070918,0.5213652548367381,0.5888249641332508,-0.7860703513508613,25.139075900836026,1.812531631720244,1.0188285905498107,(0.6963182497362417+0.7177331642634815j),(0.6963182497362417-0.7177331642634815j),(1.2137944771067173+0j),(0.8238627039908696+0j),(1.0000000000002456+7.458427735836527e-08j),(1.0000000000002456-7.458427735836527e-08j)
66,-0.2051244031616262,1.1216427463732406,0.5194647895935054,0.5924787626491697,-0.7833770351209423,25.138903179616204,1.8163740217729551,1.0190219710693904,(0.6596919116744323+0.7515361479498983j),(0.6596919116744323-0.7515361479498983j),(1.2149958915847123+0j),(0.8230480505545265+0j),(0.9999998661203566+0j),(1.0000001338795146+0j)
67,-0.21376501705416573,1.1231204506577388,0.5172882669641745,0.5966760877281682,-0.7801043033086489,25.1386919590929,1.8211368378963018,1.0192512091917871,(0.6147925738768054+0.7886888430277511j),(0.6147925738768054-0.7886888430277511j),(1.2164136484111283+0j),(0.8220887699742458+0j),(0.9999997925875954+0j),(1.000000207412368+0j)
68,-0.2232246431769046,1.1248060055143863,0.5149303073330891,0.6012305905624142,-0.776328178688451,25.138446782060747,1.8267504326761594,1.019505841541361,(0.5625213224908351+0.8267827778481993j),(0.5625213224908351-0.8267827778481993j),(1.2179804266573357+0j),(0.8210312564273119+0j),(1.000000000000047+5.8688336820376255e-08j),(1.000000000000047-5.8688336820376255e-08j)
69,-0.23302265569120392,1.1266266596197012,0.5125121248606072,0.6059004320103369,-0.7722014276596662,25.138177436105266,1.8330184683270234,1.0197703586039546,(0.5049022172570887+0.8631765468385962j),(0.5049022172570887-0.8631765468385962j),(1.2195992461206233+0j),(0.8199414710845616+0j),(0.9999998676150375+0j),(1.000000132385572+0j)
70,-0.24373314802983143,1.128704969166145,0.5098937543835406,0.6109462260380778,-0.7674350310646422,25.137864967353917,1.8404164808679986,1.0200567275437242,(0.43779599898143673+0.8990743368920999j),(0.43779599898143673-0.8990743368920999j),(1.221341916782547+0j),(0.8187715383041487+0j),(1.0000000000003684+8.282042383316515e-08j),(1.0000000000003684-8.282042383316515e-08j)
71,-0.25542713880068785,1.1310818131624691,0.5070623886404909,0.6163803928539783,-0.7619191996467966,25.137502056448483,1.84917033996759,1.0203617806321532,(0.359495443307179+0.933146840670075j),(0.359495443307179-0.933146840670075j),(1.2231872311420329+0j),(0.8175363301215769+0j),(0.9999995665885953+0j),(1.0000004334115782+0j)
72,-0.2681759402723496,1.1338065160266377,0.5040074822668212,0.6222094321199731,-0.7555232608871307,25.137080105874116,1.859553532311422,1.020680206258578,(0.26795976373323604+0.9634301038618868j),(0.26795976373323604-0.9634301038618868j),(1.225101544302104+0j),(0.8162588682137119+0j),(0.9999999056188084+0j),(1.0000000943813712+0j)
73,-0.28090714575685666,1.1366749043854376,0.5009920733998784,0.6279243980937672,-0.7487217802063063,25.13663070273564,1.8708387271890836,1.0209783261759262,(0.16987477233426201+0.9854656573004347j),(0.16987477233426201-0.9854656573004347j),(1.226883018983819+0j),(0.8150736333663745+0j),(0.9999999021786107+0j),(1.000000097821384+0j)
74,-0.2901506151842012,1.138856452914646,0.498827935595579,0.6320033357890276,-0.7435126591145498,25.136286369408573,1.8796331540530589,1.0211795420537366,(0.09430645165522997+0.9955432151131803j),(0.09430645165522997-0.9955432151131803j),(1.2280796558984415+0j),(0.8142794282087235+0j),(0.9999999252989353+0j),(1.000000074701509+0j)
75,-0.3011280258674585,1.1415641989310001,0.49629069927007374,0.6367663172264896,-0.7370160406089766,25.135857087953628,1.8907648828258656,1.0213991343306799,(-0.0004068832125231833+0.9999999172319182j),(-0.0004068832125231833-0.9999999172319182j),(1.2293803633187144+0j),(0.8134179053424314+0j),(0.9999996324827545+0j),(1.000000367517292+0j)
76,-0.3130559256448275,1.1446636590144517,0.49358343397337445,0.6418368662518945,-0.7295544292428618,25.135364640422065,1.903748304219807,1.0216107916408814,(-0.10973390857264298+0.9939609999009742j),(-0.10973390857264298-0.9939609999009742j),(1.2306289956258658+0j),(0.8125925876563226+0j),(0.999999577974425+0j),(1.0000004220255505+0j)
77,-0.32540112613667505,1.1480638537832648,0.4908508494419394,0.6469637791532871,-0.7213608819870413,25.13482506762546,1.9182161046224717,1.0217966873494089,(-0.23033455730163757+0.9731115001425984j),(-0.23033455730163757-0.9731115001425984j),(1.2317216031593659+0j),(0.81187177153848+0j),(0.999999999999974+4.092204099658863e-08j),(0.999999999999974-4.092204099658863e-08j)
78,-0.3336782905145732,1.150465933079675,0.4890683908072735,0.6503291071295335,-0.7155805900832595,25.13444538230714,1.928537026949075,1.0219005683970717,(-0.3156918863062004+0.9488617564844228j),(-0.3156918863062004-0.9488617564844228j),(1.23233053700844+0j),(0.8114705997845707+0j),(0.9999999450867084+0j),(1.0000000549131551+0j)
79,-0.3438218849528057,1.15355973853281,0.48695162593188207,0.6543709486207201,-0.7081601964059797,25.133959361595732,1.9419048882616612,1.0220032164875965,(-0.425527169025269+0.9049456494290101j),(-0.425527169025269-0.9049456494290101j),(1.232931105849235+0j),(0.8110753271249207+0j),(0.9999999999996471+5.693326615511726e-07j),(0.9999999999996471-5.693326615511726e-07j)
80,-0.35478376846250165,1.1571122971714738,0.48476733497734376,0.6586328082602517,-0.6996919039285617,25.133406886223042,1.957297822086407,1.0220812649045188,(-0.5511263019324295+0.834421835353024j),(-0.5511263019324295-0.834421835353024j),(1.2333869961775277+0j),(0.8107755336315281+0j),(0.9999996401627909+0j),(1.0000003598373384+0j)
81,-0.36605195137025104,1.1610247056489251,0.48266257125610146,0.662893842946112,-0.6904538778908199,25.132807156376565,1.974224279388436,1.0221229343785678,(-0.6883122719682242+0.7254145133794861j),(-0.6883122719682242-0.7254145133794861j),(1.2336301280683577+0j),(0.8106157406884857+0j),(1.000000000000247+9.667186404676617e-08j),(1.000000000000247-9.667186404676617e-08j)
82,-0.3735552641272408,1.1637980657366824,0.48135840843475347,0.6656609662272273,-0.6839734113949281,25.132388451069197,1.9861642003805862,1.0221273422241395,(-0.7845755203098821+0.6200332675993584j),(-0.7845755203098821-0.6200332675993584j),(1.2336558361016376+0j),(0.8105988483464043+0j),(0.9999998731531439+0j),(1.0000001268472598+0j)
83,-0.3826871316749862,1.167381738262878,0.4798991036192326,0.6689498120654925,-0.6756953417047653,25.13185616839136,2.0014763137720517,1.022105662582832,(-0.9074841616760603+0.4200862962373109j),(-0.9074841616760603-0.4200862962373109j),(1.233529373371435+0j),(0.8106819517935974+0j),(1.0000000000000717+6.663399708679327e-08j),(1.0000000000000717-6.663399708679327e-08j)
84,-0.3920285275902106,1.1713197813225866,0.4785815878130784,0.6722208171003707,-0.6667359412016859,25.131283495002926,2.0181033560952066,1.0403293347198956,(-1.3271831732487542+0j),(-0.7534754961973187+0j),(1.2332073436435917+0j),(0.8108936466795523+0j),(0.9999998652353835+0j),(1.0000001347650254+0j)
85,-0.40197853868098904,1.1758711414985445,0.4774186334243167,0.675595895338762,-0.6565747041620164,25.130638524179403,2.0370014347222622,1.1906187569026496,(-1.8368176614704361+0j),(-0.544419852316445+0j),(1.2326303269702632+0j),(0.8112732407432386+0j),(0.999999918942193+0j),(1.0000000810579628+0j)
86,-0.4085279590971425,1.179102779072812,0.4768176880237646,0.677752863213458,-0.6494921942284027,25.130191930601004,2.0501839571580147,1.2950495764032173,(-2.117942889829383+0j),(-0.4721562629401946+0j),(1.2321064008671438+0j),(0.8116182168163235+0j),(0.9999999225714521+0j),(1.000000077428561+0j)
87,-0.41640709008976984,1.1832829307923933,0.4763046589324886,0.6802757964748076,-0.6404988757264972,25.129628474492627,2.066919028257386,1.4271748160462427,(-2.4454223083371036+0j),(-0.40892732375594715+0j),(1.2313090928150296+0j),(0.8121437629559511+0j),(0.9999998995859354+0j),(1.0000001004139127+0j)
88,-0.42434615125939007,1.1878761488316767,0.47606763821865083,0.6827332733546466,-0.6308383335298412,25.1290278668979,2.0848729193915396,1.568389367095084,(-2.776629908881742+0j),(-0.36014882531961284+0j),(1.2303012687371206+0j),(0.8128090455654502+0j),(0.9999998516278668+0j),(1.0000001483722127+0j)
89,-0.43264606024064356,1.1931761956883415,0.47619295505499537,0.6852037235405072,-0.6199795142008433,25.128358684056288,2.105003041196629,1.7260832037981926,(-3.1329816459162556+0j),(-0.3191847616829142+0j),(1.2289980198204724+0j),(0.8136709611189611+0j),(0.9999999881511787+0j),(1.0000000118489145+0j)
90,-0.43800676275085976,1.1969278207995857,0.47652361968229057,0.6867404997332487,-0.6124777640418608,25.127900136743275,2.118866608244936,1.834297701084296,(-3.3720389199400636+0j),(-0.2965564822171118+0j),(1.2280011077490878+0j),(0.8143315129677873+0j),(0.9999998842998856+0j),(1.0000001156998533+0j)
91,-0.4443357212621723,1.2017626551934835,0.47722584177879046,0.6884886884304556,-0.6030310102971166,25.12732716274175,2.136262221889015,1.9696291648900883,(-3.66652015925763+0j),(-0.272738170398802+0j),(1.2266425064353983+0j),(0.8152334480115858+0j),(0.9999998578745011+0j),(1.0000001421248985+0j)
92,-0.4508451566716969,1.2072996625461272,0.47838551728516654,0.6902020838206976,-0.5925090944720693,25.126694954377104,2.155541744312009,2.1190131725273424,(-3.9872253728259044+0j),(-0.25080097223003417+0j),(1.2250042791675686+0j),(0.8163236790311507+0j),(0.9999999000425271+0j),(1.0000000999574181+0j)
93,-0.4571410251901471,1.2133540879134612,0.4800525975879102,0.6917628087457488,-0.5813518540544912,25.12603160638803,2.1758586768845145,2.275720084931264,(-4.3199563493976685+0j),(-0.231483820465207+0j),(1.2231353907636369+0j),(0.817570979919145+0j),(0.9999999999997654+5.122129886217329e-07j),(0.9999999999997654-5.122129886217329e-07j)
94,-0.4613876814110801,1.217939675289991,0.48157017665939367,0.6927508423727817,-0.5731322376022819,25.125547639070465,2.1907337609378077,2.3899645765794606,(-4.560662776946145+0j),(-0.21926637615991804+0j),(1.2216786597540836+0j),(0.8185458524747727+0j),(0.999999918993245+0j),(1.0000000810068463+0j)
95,-0.4658881773327091,1.2233755230953838,0.4836308584362654,0.6937275061158635,-0.5636334234352914,25.124993442289842,2.207817802265697,2.5206363250288093,(-4.834422720324352+0j),(-0.2068499297360129+0j),(1.219916987174193+0j),(0.819727908140248+0j),(0.9999999521347479+0j),(1.00000004786471+0j)
96,-0.4703419623896603,1.22952955885962,0.4862789179222029,0.6946031143610928,-0.5531831760417569,25.124390154769557,2.226472927415334,2.6626292918822365,(-5.130339717760706+0j),(-0.19491886601107264+0j),(1.2178886114747298+0j),(0.8210931530014912+0j),(0.9999995348836846+0j),(1.0000004651163785+0j)
97,-0.4746323895285114,1.2364891696519758,0.4896402736990958,0.6953294494002312,-0.5417286540714631,25.12373677505412,2.2467417402307386,2.8160253280094865,(-5.448514387434224+0j),(-0.18353626858976355+0j),(1.2155645967040902+0j),(0.8226629853422578+0j),(0.9999999031596485+0j),(1.0000000968404803+0j)
98,-0.478451980913228,1.243983922240403,0.4936523875017739,0.6958317163881884,-0.5297934662610035,25.123064944004987,2.267650866230815,2.973235409313487,(-5.773258408955616+0j),(-0.17321240955160314+0j),(1.2130392642286092+0j),(0.8243756236834598+0j),(0.9999997947257954+0j),(1.0000002052741723+0j)
99,-0.4808106747353042,1.2495786052485855,0.49688747860291854,0.6960355663381053,-0.5211347071003682,25.122583392290974,2.282679912345865,3.085541761298205,(-6.0045429536095805+0j),(-0.16654056898789432+0j),(1.2111452100671234+0j),(0.825664826717434+0j),(0.9999997543972446+0j),(1.0000002456025228+0j)
100,-0.4831938569499459,1.2564930307885167,0.5011432180173806,0.6961030845756424,-0.5107073164677058,25.1220101447039,2.3006167684211603,3.2187677401310753,(-6.278255567295805+0j),(-0.1592799129108869+0j),(1.2087991240244882+0j),(0.8272673102796824+0j),(0.9999998518423721+0j),(1.0000001481569645+0j)
101,-0.48500846709966533,1.263289588335231,0.5055798478225849,0.695985972113862,-0.5007311754662338,25.121468658895818,2.317606889983754,3.3441005446819094,(-6.535183190578415+0j),(-0.15301789879701103+0j),(1.2064912002930008+0j),(0.8288498082360825+0j),(0.9999999245891278+0j),(1.000000075410126+0j)
102,-0.48638591644675944,1.2703628967631708,0.510439798407622,0.6956853101584592,-0.4906137799293719,25.12092660151012,2.334662693732728,3.4690236756477493,(-6.790789059025181+0j),(-0.14725829227819603+0j),(1.204090200773284+0j),(0.8305025648065565+0j),(0.9999998430552506+0j),(1.0000001569443795+0j)
103,-0.48730737704602206,1.2777066322366397,0.51572398911454,0.6951932989698322,-0.48037194057062826,25.120385314188102,2.3517446166537055,3.593188464233319,(-7.044420612249358+0j),(-0.141956316221601+0j),(1.2016001174475286+0j),(0.8322236203872944+0j),(0.9999999163475631+0j),(1.0000000836526393+0j)
104,-0.48775703210212706,1.285313653828455,0.5214307290433905,0.6945024697324593,-0.47002026810609776,25.119845998304246,2.368817813658146,3.7162880458821457,(-7.295505395664054+0j),(-0.13707069568300795+0j),(1.199024386161412+0j),(0.8340113942135279+0j),(0.9999998792493684+0j),(1.000000120750437+0j)
105,-0.48772179532216015,1.293176309829854,0.5275561373488509,0.6936055632883404,-0.45957076858766643,25.119309700059517,2.3858526291294497,3.8380609981480447,(-7.5435585660200255+0j),(-0.13256343027928852+0j),(1.1963656638146967+0j),(0.8358648448771758+0j),(0.9999998555118772+0j),(1.000000144487892+0j)
106,-0.4871909385655435,1.3012866930355977,0.5340945709450017,0.6924954012978395,-0.4490325836692108,25.118777305327537,2.4028247535378986,3.9582923505560514,(-7.788185081687629+0j),(-0.12839961935971272+0j),(1.1936256417664504+0j),(0.8377836107141705+0j),(0.9999999029762405+0j),(1.0000000970236471+0j)
107,-0.48615567408879445,1.3096368337950057,0.5410390242682652,0.6911647611412506,-0.4384118563309283,25.11824954266284,2.4197151169009277,4.076812423460417,(-8.029077538060044+0j),(-0.12454730886711007+0j),(1.190804894025759+0j),(0.8397681307973206+0j),(0.999999815471603+0j),(1.0000001845281983+0j)
108,-0.4846087314699228,1.318218828213518,0.5483814767385128,0.6896062632638542,-0.42771169296486633,25.117726992472782,2.436509583725786,4.193494063767687,(-8.266010787057464+0j),(-0.12097734030849047+0j),(1.1879027542272433+0j),(0.8418197503464345+0j),(1.0000000000001248+1.0476994320136809e-07j),(1.0000000000001248-1.0476994320136809e-07j)
109,-0.48254396004830924,1.3270249050978506,0.5561131742002594,0.6878122768601539,-0.41693218915024444,25.117210100325682,2.453198514745982,4.308248830050189,(-8.498834467121554+0j),(-0.11766319298047487+0j),(1.1849172127086156+0j),(0.8439408165181189+0j),(0.9999997397341404+0j),(1.0000002602661684+0j)
110,-0.47995597795051625,1.3360474388273644,0.564224839302011,0.6857748473450703,-0.40607048732952666,25.11669919259821,2.4697762531108696,4.421022624664275,(-8.727464432908453+0j),(-0.11458081642032371+0j),(1.1818448233227536+0j),(0.8461347718966941+0j),(0.9999987402896041+0j),(1.000001259711515+0j)
111,-0.47683988024660706,1.3452789166503993,0.5727068118387667,0.6834856473018784,-0.39512083803803233,25.116194493033653,2.486240580666343,4.531791098971888,(-8.951873741267258+0j),(-0.11170845667682518+0j),(1.1786806106117997+0j),(0.8484062527175289+0j),(1.0000000000001128+1.1865705861879557e-07j),(1.0000000000001128-1.1865705861879557e-07j)
112,-0.47336512449472146,1.3542870725175729,0.581147317164587,0.6810553146723768,-0.3845693877958544,25.115718224104903,2.5018654371171802,4.635748014334426,(-9.162353768363108+0j),(-0.10914226031141595+0j),(1.1755656492178608+0j),(0.8506543217443684+0j),(0.9999999999999198+1.2597802520227486e-07j),(0.9999999999999198-1.2597802520227486e-07j)
113,-0.4693943625576393,1.3634851403332156,0.589919888665737,0.6783754556567521,-0.37390539101039794,25.115247174078206,2.5174109790649313,4.738031418626098,(-9.369331638206775+0j),(-0.10673119904587862+0j),(1.1723491631004725+0j),(0.8529881979487581+0j),(0.9999997358844042+0j),(1.0000002641158052+0j)
114,-0.46598715389365697,1.3707095412859969,0.5969118848124388,0.6761308893013018,-0.36559078125865635,25.114887245767424,2.529355999094964,4.815838051646025,(-9.526708049424606+0j),(-0.10496805347352373+0j),(1.169791706322089+0j),(0.8548530431502974+0j),(0.9999989359602789+0j),(1.0000010640405876+0j)
115,-0.46184219044282354,1.3788713425926058,0.604912133447432,0.6734474490693318,-0.35624514388558987,25.114490529371356,2.542594003209305,4.901260779274274,(-9.699422638084213+0j),(-0.10309892013985505+0j),(1.1668630627450667+0j),(0.8569985904325684+0j),(0.9999999999999538+9.104328294939628e-08j),(0.9999999999999538-9.104328294939628e-08j)
116,-0.4575488585512981,1.3867545011974365,0.612735247795491,0.6707067847012395,-0.34725059563440464,25.114116707755894,2.555142031124965,4.981444727894017,(-9.861484847742686+0j),(-0.10140460745821292+0j),(1.1639881801897998+0j),(0.8591152530748222+0j),(0.9999999999998495+7.536941684882911e-08j),(0.9999999999998495-7.536941684882911e-08j)
117,-0.4528849319250772,1.3947926005911346,0.6208038377243547,0.6677611456898469,-0.33809455600986754,25.11374438119828,2.567716199008359,5.061026144841694,(-10.022274539619788+0j),(-0.09977774965211435+0j),(1.1610025376712434+0j),(0.8613245600696835+0j),(0.9999998831123538+0j),(1.000000116887685+0j)
118,-0.4478422222377299,1.402981984209335,0.629114475525438,0.6646022534618903,-0.32876385207482955,25.113373629948587,2.580317903553775,5.140009715937565,(-10.181805019193398+0j),(-0.09821441268317442+0j),(1.1578958680434115+0j),(0.8636355199116458+0j),(1.000000000000457+1.4314418492415184e-07j),(1.000000000000457-1.4314418492415184e-07j)
119,-0.44266305818500123,1.4109437894756316,0.6372770304302321,0.6613772359817954,-0.31967185309318036,25.113020942912737,2.5923851891653045,5.2149223033005985,(-10.333067926707804+0j),(-0.09677667920372064+0j),(1.1548037557625266+0j),(0.8659479976659438+0j),(0.9999999999999868+1.2558587328903788e-07j),(0.9999999999999868-1.2558587328903788e-07j)
120,-0.4384149691935506,1.4171851863762728,0.6437303804582579,0.6587420331992689,-0.312518055190113,25.11274948933367,2.6017289058266777,5.272445696536542,(-10.449190196985322+0j),(-0.09570119609376526+0j),(1.1523239935356424+0j),(0.8678114884442629+0j),(0.9999995873013304+0j),(1.0000004126985285+0j)
121,-0.4334281808873426,1.4242236705725082,0.6510631297162189,0.6556562788735473,-0.3044098806667661,25.112448357009253,2.612153998760374,5.336134872658195,(-10.57773151673516+0j),(-0.09453822858408167+0j),(1.149461757875409+0j),(0.8699723963401594+0j),(0.9999999590256301+0j),(1.0000000409740453+0j)
122,-0.42842433432143906,1.431010481004108,0.6581871438694107,0.6525651860839079,-0.29653769147017384,25.112162721752263,2.6221034701287063,5.39644012266727,(-10.69941721082569+0j),(-0.09346303451248807+0j),(1.1466285885310818+0j),(0.8721219843999517+0j),(0.9999999066475083+0j),(1.0000000933530053+0j)
123,-0.4231344247738871,1.4379196889195136,0.6654916509657663,0.6493002563858905,-0.2884546091791929,25.1118764282593,2.6321381587236274,5.456795233541587,(-10.821179095626016+0j),(-0.09241137136298794+0j),(1.1436621102793298+0j),(0.8743841306034859+0j),(0.9999996785671337+0j),(1.0000003214328528+0j)
124,-0.4175514894626368,1.444947952731837,0.6729740749630344,0.6458551836094584,-0.2801446110885732,25.111589578921016,2.6422577205139532,5.517193863059736,(-10.943005150100968+0j),(-0.09138257602244243+0j),(1.1405498570522579+0j),(0.8767700892837984+0j),(1.0000000496138863+0j),(0.9999999503860133+0j)
125,-0.41216033936735924,1.4515042108833363,0.6799998458968973,0.6425272207711068,-0.2722970120234132,25.111325737893818,2.6516258867507707,5.572697495423601,(-11.054937673883705+0j),(-0.0904573168560407+0j),(1.1375509689415912+0j),(0.8790814893592486+0j),(0.9999984446805321+0j),(1.0000015553220973+0j)
126,-0.4074195017151078,1.4570996227558208,0.6860300058540734,0.6395985045733127,-0.26551388934670095,25.111103259683297,2.659572051451521,5.619473000304309,(-11.14925390019319+0j),(-0.08969210038168075+0j),(1.1349109105766497+0j),(0.8811264308766937+0j),(0.999998119907765+0j),(1.000001880095665+0j)
127,-0.4021794386901913,1.463114591826777,0.692546431816281,0.6363579942667091,-0.2581206862127881,25.110866715602935,2.6680691070893467,5.669189785457983,(-11.249486625550016+0j),(-0.08889294536660321+0j),(1.1319817055363646+0j),(0.8834065030468561+0j),(0.999999774122063+0j),(1.0000002258775837+0j)
128,-0.3969931470152625,1.4689058818489507,0.6988531895291724,0.6331464089968492,-0.25088899149938393,25.110641390029627,2.6762112107530265,5.71654370747834,(-11.344942410440861+0j),(-0.08814500451856837+0j),(1.1290633901012084+0j),(0.8856898636232898+0j),(0.9999998190537901+0j),(1.0000001809460926+0j)
129,-0.3915792890392543,1.4747922760357757,0.7052956574349307,0.6297885772955107,-0.2434084309598006,25.110414660726065,2.6844528915448156,5.764198561871937,(-11.44099211639605+0j),(-0.08740500734905944+0j),(1.125988514195354+0j),(0.8881085263256597+0j),(0.9999998731472033+0j),(1.0000001268527248+0j)
130,-0.3864034250756442,1.4802786609823702,0.71132894436647,0.626572706780545,-0.23630216699585965,25.11020530427389,2.6921079147183447,5.808216937530827,(-11.529701359610094+0j),(-0.0867325153358335+0j),(1.1230139417804577+0j),(0.8904608952719469+0j),(1.0000000000001292+9.791396617279599e-08j),(1.0000000000001292-9.791396617279599e-08j)
131,-0.3820950828516904,1.4847467636388743,0.7162625040649659,0.6238913124217473,-0.23040746838739873,25.110036129006293,2.698326052458809,5.843804056737986,(-11.601411705885639+0j),(-0.0861964065461685+0j),(1.1205065424744667+0j),(0.8924535128467623+0j),(0.9999995594229256+0j),(1.0000004405774314+0j)
132,-0.3771469906978769,1.4897740266498698,0.7218346893314622,0.6208063905113025,-0.2236462707559976,25.10984712699032,2.705307959264617,5.883586640930191,(-11.681568337662462+0j),(-0.08560494370725062+0j),(1.1175856379776667+0j),(0.894786015513535+0j),(0.9999994512690507+0j),(1.0000005487311268+0j)
133,-0.37228675727576915,1.4946092300989207,0.7272149144490184,0.6177704253435262,-0.21699998864044642,25.109666616704462,2.7120114875345647,5.921612782494404,(-11.758178377120649+0j),(-0.08504718740330475+0j),(1.1146674027406185+0j),(0.8971285941813335+0j),(0.9999993513979109+0j),(1.000000648602143+0j)
134,-0.3684150940219763,1.498391649057501,0.7314378172975943,0.6153477142225375,-0.21169199073488343,25.109526231989747,2.7172492550110947,5.951211335936479,(-11.817804586122724+0j),(-0.0846180855927285+0j),(1.1123032745917136+0j),(0.8990353825655032+0j),(1.0000000800853015+0j),(0.9999999199141297+0j)
135,-0.36418558992081995,1.5024565581895069,0.735989798253142,0.6126966595259332,-0.20586987554331243,25.109376125744284,2.7228737757804726,5.98288799486884,(-11.881612326713272+0j),(-0.08416366166376228+0j),(1.1096759749756722+0j),(0.9011639636702645+0j),(0.9999981238315979+0j),(1.0000018761720688+0j)
136,-0.3598141781872379,1.5065872571084389,0.7406298531937375,0.6099517130291582,-0.1998158755154427,25.109224358374043,2.72858625138808,6.0149490533273875,(-11.946189405405866+0j),(-0.08370870125339015+0j),(1.1069062114185937+0j),(0.9034189072969291+0j),(0.9999999785785538+0j),(1.0000000214212776+0j)
137,-0.35554091512839125,1.5105586883535944,0.74510457498217,0.6072634646826982,-0.1938504333876199,25.109079133093896,2.7340771186610304,6.045663956830673,(-12.008050448498983+0j),(-0.08327746491977797+0j),(1.1041394482074491+0j),(0.905682703052343+0j),(1.0000000000002398+6.625296188183406e-08j),(1.0000000000002398-6.625296188183406e-08j)
138,-0.35113352760879374,1.5145886200347451,0.74965870910163,0.6044856695185752,-0.1876358079267271,25.108932420777446,2.7396490917085012,6.076732957449242,(-12.070620129906679+0j),(-0.08284578499436364+0j),(1.1012178264113013+0j),(0.9080855540252935+0j),(0.9999999999995901+7.910294451420628e-08j),(0.9999999999995901-7.910294451420628e-08j)
139,-0.3467983718823346,1.5184894825052975,0.754079846616825,0.6017482284786514,-0.18144782933255407,25.108790995823213,2.7450443166029874,6.106723727562625,(-12.131014116046265+0j),(-0.08243333908436941+0j),(1.0982693272884703+0j),(0.9105234710225366+0j),(0.9999994196849901+0j),(1.0000005803156484+0j)
140,-0.3433668250193467,1.5215344738503007,0.7575397035139231,0.5995777125768629,-0.17648679324574926,25.10868097921884,2.7492579159334425,6.130084561253674,(-12.178054198092193+0j),(-0.0821149244155745+0j),(1.095877414712807+0j),(0.9125108215320346+0j),(0.9999998254962567+0j),(1.000000174504035+0j)
141,-0.33946428868999856,1.5249529250544533,0.7614329891535424,0.5971053384041104,-0.1707659407391323,25.108557842140986,2.7539914566397514,6.156265516103733,(-12.230770031269392+0j),(-0.0817610009502901+0j),(1.0930886494365881+0j),(0.9148388838535729+0j),(1.0000000526592143+0j),(0.9999999473402736+0j)
142,-0.33567070085739914,1.528231920097093,0.7651764409428727,0.5946979460014691,-0.16511192443242154,25.108440077372624,2.7585359167104713,6.1813402248224465,(-12.281255548580496+0j),(-0.08142489958980738+0j),(1.0903008933109095+0j),(0.9171780066717135+0j),(0.9999998430568825+0j),(1.0000001569432984+0j)
143,-0.3326767593777318,1.530789947251839,0.7681028947286463,0.5927951877818322,-0.16057578964789893,25.108348429358145,2.7620844809256235,6.200879928980138,(-12.320594944969075+0j),(-0.08116491162608466+0j),(1.0880420533855426+0j),(0.9190821226848205+0j),(1.0000000000002216+1.2050976692848256e-07j),(1.0000000000002216-1.2050976692848256e-07j)
144,-0.3294345493840224,1.5335312038112983,0.7712448770206524,0.5907318401921697,-0.15558016615140116,25.10825042126876,2.765890979058936,6.221801985386126,(-12.362715592687792+0j),(-0.08088837702501023+0j),(1.0855319356126591+0j),(0.9212073520752149+0j),(0.9999991709779982+0j),(1.000000829022746+0j)
145,-0.3261151663588698,1.5363073178856579,0.7744330268312506,0.5886163567809684,-0.1503644475935145,25.108151370082233,2.7697503659851366,6.242975726264592,(-12.40534101126701+0j),(-0.08061044021339021+0j),(1.082886652096486+0j),(0.9234576842017608+0j),(1.0000000000001257+1.1277673808731126e-07j),(1.0000000000001257-1.1277673808731126e-07j)
146,-0.3229020139123107,1.5389659861831366,0.7774921482612318,0.5865656638292025,-0.14520527982635234,25.108056688949723,2.77345121990374,6.263243862197522,(-12.44614153863977+0j),(-0.08034618576743256+0j),(1.0802459813189782+0j),(0.9257150846143792+0j),(0.9999998667483524+0j),(1.000000133251931+0j)
147,-0.31962177915127454,1.5416518040733036,0.7805883074610253,0.5844692064180005,-0.1398112321580631,25.107961207457073,2.7771950847579223,6.283712880535324,(-12.487344684970976+0j),(-0.08008107610232056+0j),(1.0774602342410284+0j),(0.928108498320462+0j),(0.9999999999998677+3.526450475295768e-08j),(0.9999999999998677-3.526450475295768e-08j)
148,-0.31643004601975333,1.544238266708353,0.7835754315486496,0.5824264544408261,-0.1344223600597594,25.10786940511198,2.7808058895156003,6.30342235299612,(-12.527017242956184+0j),(-0.07982746256091897+0j),(1.0746526092897148+0j),(0.9305332638252672+0j),(0.9999999999999056+1.5088325802092227e-07j),(0.9999999999999056-1.5088325802092227e-07j)
149,-0.31402683746230275,1.5461685825133438,0.7858082788607925,0.5808865122560279,-0.13026154896003456,25.107800979166296,2.7835044423079442,6.318132341846255,(-12.55662545229237+0j),(-0.07963923140414078+0j),(1.072468580660305+0j),(0.9324282482807926+0j),(0.9999999487433628+0j),(1.0000000512566913+0j)
150,-0.3112099169221898,1.5484127865964359,0.7884079788670132,0.5790794432938997,-0.1252569290649394,25.107721513942824,2.786646126886152,6.335236920828045,(-12.59105236126089+0j),(-0.07942147893537285+0j),(1.0698235632197997+0j),(0.9347335713835819+0j),(0.9999999999998566+1.5550516681153632e-07j),(0.9999999999998566-1.5550516681153632e-07j)
151,-0.30850231146889884,1.5505514878336055,0.7908892328980943,0.5773404443744172,-0.12030019458911703,25.107645865788285,2.7896447098929333,6.351541922956617,(-12.623868826267534+0j),(-0.07921501828436132+0j),(1.0671851324599448+0j),(0.9370445385566165+0j),(0.9999998509411019+0j),(1.0000001490590673+0j)
152,-0.30638806796653767,1.5522091544686365,0.792814934786065,0.5759811428904211,-0.1163170979727507,25.107587282930606,2.791972113200174,6.364183910702391,(-12.649312137852055+0j),(-0.07905568215818896+0j),(1.065052002025395+0j),(0.9389212903188187+0j),(0.9999999703394011+0j),(1.000000029660398+0j)
153,-0.30412225099391554,1.5539738206018516,0.7948673636187408,0.5745230334493329,-0.11192492446858907,25.107524963643527,2.794453029948613,6.377647147451258,(-12.676407591755668+0j),(-0.07888670293575252+0j),(1.062686961239949+0j),(0.9410108870015883+0j),(0.9999995376309294+0j),(1.0000004623691359+0j)
154,-0.3018297553952173,1.5557469670647748,0.796932175318072,0.5730463298686472,-0.10733445888788973,25.107462388136636,2.7969494330766764,6.391181602178999,(-12.703645643425595+0j),(-0.07871756093399417+0j),(1.0602013928918879+0j),(0.9432170215052045+0j),(0.9999999408743625+0j),(1.0000000591256453+0j)
155,-0.299638790633231,1.5574301816347365,0.7988945988173622,0.5716336903771867,-0.10279060148352989,25.107403023255763,2.799322671229243,6.404036675369935,(-12.729515767065932+0j),(-0.07855758368553457+0j),(1.0577278996390467+0j),(0.9454227314434126+0j),(0.999999999999879+1.45833433423516e-07j),(0.999999999999879-1.45833433423516e-07j)
156,-0.2974328707239049,1.5591137772630204,0.8008597432637348,0.5702100923401134,-0.09803832761292672,25.107343677718447,2.8016999474820654,6.416902534594995,(-12.755406942454723+0j),(-0.07839812594371828+0j),(1.0551277128079128+0j),(0.9477525685868105+0j),(0.9999999999998058+1.2056559709028568e-07j),(0.9999999999998058-1.2056559709028568e-07j)
157,-0.29531885415444376,1.5607169052880392,0.802733080077902,0.5688445687690897,-0.0932911608427461,25.10728719623948,2.8039669827628444,6.429161684443648,(-12.780076576234752+0j),(-0.07824679249947353+0j),(1.0525176225118278+0j),(0.9501028568182888+0j),(0.9999997195695425+0j),(1.0000002804305173+0j)
158,-0.2937499758011951,1.561900178986535,0.8041171204816048,0.5678303909671139,-0.08962772154428979,25.10724552276991,2.8056424763108927,6.438215849019702,(-12.798296297760247+0j),(-0.07813539995551723+0j),(1.0504952487578945+0j),(0.9519319589319466+0j),(0.9999998868001619+0j),(1.0000001131992067+0j)
159,-0.29193792545546643,1.5632600815488302,0.8057091484976604,0.5666581937129772,-0.08522475950274722,25.10719764352139,2.807570438852942,6.448627964542025,(-12.81924823394263+0j),(-0.07800769449975693+0j),(1.0480558615777522+0j),(0.9541476143198178+0j),(0.9999999277435488+0j),(1.0000000722563354+0j)
160,-0.2902260006868092,1.564538234683194,0.8072068287305553,0.5655499567258669,-0.08086970895688923,25.107152655575238,2.809384874262605,6.4584208769510205,(-12.838953787188055+0j),(-0.07788796630501485+0j),(1.0456342601759065+0j),(0.9563573403116605+0j),(0.999999954597298+0j),(1.0000000454022535+0j)
161,-0.28891134556854015,1.5655154609684456,0.8083527833984888,0.5646983645382966,-0.0773757366830416,25.107118267202964,2.8107737108428825,6.46591282607625,(-12.854029033098268+0j),(-0.0777966190605737+0j),(1.0436856312915426+0j),(0.9581429216028069+0j),(0.9999999999998983+1.117546775836915e-07j),(0.9999999999998983-1.117546775836915e-07j)
162,-0.2875256967041786,1.5665414316951964,0.8095567257127366,0.5638002848097576,-0.07352983772786105,25.10708216992019,2.8122333396528174,6.473783069070543,(-12.869865246887244+0j),(-0.07770089125846799+0j),(1.0415352044841084+0j),(0.960121170841674+0j),(0.9999998838594261+0j),(1.0000001161403969+0j)
163,-0.2861503735358037,1.5675557003807912,0.8107477690659949,0.5629083910887631,-0.06951973629447003,25.107046490095623,2.8136778789643904,6.48156839653497,(-12.885530363627176+0j),(-0.077606429208735+0j),(1.039287317578683+0j),(0.962197828343021+0j),(0.9999990091138374+0j),(1.0000009908869605+0j)
164,-0.28479264013433775,1.5685530626260356,0.8119197673823151,0.5620274105159028,-0.06533759426259629,25.107011409881082,2.8150998824192914,6.48922886168818,(-12.90094401471599+0j),(-0.07751370742821612+0j),(1.036937454691128+0j),(0.9643783195179146+0j),(1.0000000000002296+7.643245007594888e-08j),(1.0000000000002296-7.643245007594888e-08j)
165,-0.2835300462303085,1.5694770550311195,0.8130062642516168,0.5612077229852067,-0.061209199613515154,25.106978914028815,2.8164186697100857,6.496330335780399,(-12.915232721046955+0j),(-0.07742795051655667+0j),(1.034612875351247+0j),(0.9665450951015158+0j),(0.999999901999747+0j),(1.0000000980000512+0j)
166,-0.28257542048225404,1.57017345638217,0.8138255980308919,0.560587690706624,-0.057903803336888805,25.106954424349183,2.817413523086647,6.501685619379221,(-12.926007832129962+0j),(-0.07736340663082664+0j),(1.0327486092383915+0j),(0.9682898539442749+0j),(0.9999999999998852+8.538856375254873e-08j),(0.9999999999998852-8.538856375254873e-08j)
167,-0.28158505497601033,1.570893927029004,0.8146736616147563,0.5599441905305664,-0.054272972333666514,25.10692908981278,2.818443587764775,6.507228788530379,(-12.937160864865133+0j),(-0.07729671220321672+0j),(1.0306980467048017+0j),(0.9702162560567777+0j),(0.9999998832930875+0j),(1.0000001167075498+0j)
168,-0.28062020607866156,1.5715938834343866,0.8154979790732926,0.5593170208816857,-0.05049634686382351,25.10690447791943,2.8194451393567914,6.512616925415904,(-12.948001855851583+0j),(-0.0772319938664553+0j),(1.0285625477138698+0j),(0.9722306166232042+0j),(0.9999994112120274+0j),(1.0000005887881214+0j)
169,-0.27968799974525776,1.5722683390731775,0.8162926391987374,0.558710836321738,-0.046568653245325595,25.106880763657554,2.8204109738872907,6.517811438140884,(-12.958453171940407+0j),(-0.07716970434238402+0j),(1.0263393425005602+0j),(0.974336614206663+0j),(0.9999999554681219+0j),(1.000000044531494+0j)
170,-0.2788420935364463,1.5728788156793665,0.8170122344070012,0.5581605720091296,-0.04270332848785256,25.106859299579625,2.821285850161872,6.52251552596953,(-12.9679176690878+0j),(-0.07711338285546875+0j),(1.0241497035802336+0j),(0.976419752406738+0j),(0.9999999556010559+0j),(1.0000000443986947+0j)
171,-0.2780389644356568,1.5734570704595134,0.8176941260327382,0.5576379602238978,-0.03868759038388882,25.106838968821428,2.8221151353467078,6.52697341192519,(-12.976886738472947+0j),(-0.07706008537972983+0j),(1.02187361142165+0j),(0.9785946019386992+0j),(0.9999995462896382+0j),(1.0000004537103158+0j)
172,-0.277346401879253,1.5739546652630716,0.8182811178595193,0.5571871602621006,-0.03486373644759354,25.106821474191364,2.8228292059843874,6.530811129524069,(-12.984607997222605+0j),(-0.07701426183099917+0j),(1.0197056403836404+0j),(0.9806751678095702+0j),(1.0000000000000555+9.774517055424402e-08j),(1.0000000000000555-9.774517055424402e-08j)
173,-0.27664840010559705,1.574455186237902,0.818871763534465,0.5567326925698348,-0.030538151485533942,25.106803876793663,2.823547910560925,6.5346729937660015,(-12.992377782269012+0j),(-0.07696820526548254+0j),(1.017253125947997+0j),(0.9830394957674204+0j),(0.999999555181188+0j),(1.0000004448186257+0j)
174,-0.2760208752222587,1.5749043313923612,0.8194019550670575,0.5563240033249911,-0.026052178861624115,25.106788085698486,2.8241932184600707,6.538139825977605,(-12.999352744563987+0j),(-0.07692690702543144+0j),(1.0147103582652317+0j),(0.9855028992805694+0j),(0.9999998779368845+0j),(1.0000001220627721+0j)
175,-0.27547474404934685,1.5752945757212056,0.819862749883605,0.5559682396609802,-0.021404304441289063,25.106774365411447,2.8247541907944997,6.541153086878259,(-13.005415125351638+0j),(-0.07689104810098056+0j),(1.0120774428348995+0j),(0.9880666811397791+0j),(0.9999999175587406+0j),(1.0000000824410789+0j)
176,-0.2750215618994783,1.5756179484922914,0.8202446771244468,0.5556729661593282,-0.01659422326616501,25.106762996152554,2.8252192417009403,6.543650770821672,(-13.010440190671352+0j),(-0.07686135021463772+0j),(0.9907313445908248+0j),(1.0093553670806483+0j),(0.9999987853627604+0j),(1.0000012146383332+0j)
177,-0.2746573950169779,1.575877505965145,0.8205512950072885,0.5554356522132771,-0.011342874505494888,25.106753870481775,2.8255926538654257,6.5456560495220835,(-13.01447457410611+0j),(-0.07683752380619753+0j),(0.9936526182554265+0j),(1.0063879283636585+0j),(0.9999993587620268+0j),(1.000000641238359+0j)
178,-0.274424963884659,1.5760430313083746,0.8207468602660251,0.5552841674362139,-0.005924674348334383,25.106748050815483,2.825830850180037,6.546935096803181,(-13.017047859442098+0j),(-0.07682233412637608+0j),(0.9966787137712941+0j),(1.0033323539299424+0j),(0.9999996413734348+0j),(1.0000003586272466+0j)
179,-0.27433801740478664,1.576104922385101,0.8208199891752167,0.5552274972737263,-0.00034534625938983444,25.106745874794754,2.825919926159063,6.547413390144354,(-13.018010124715408+0j),(-0.0768166555751576+0j),(0.9998059938083992+0j),(1.0001940438374661+0j),(0.9999992231878703+0j),(1.0000007768127288+0j)
180,-0.274409862094259,1.5760537822905287,0.8207595631281634,0.5552743245004746,0.005387487990959518,25.106747672823307,2.8258463229029935,6.547018177828809,(-13.017215007973999+0j),(-0.07682134768739522+0j),(0.9969793479723004+0j),(1.0030298040125407+0j),(0.9999997840941897+0j),(1.0000002159055985+0j)
181,-0.27457005320794914,1.5759397188863924,0.820624795868494,0.5553787296742525,0.00966936242484493,25.10675168315549,2.8256821744650997,6.546136757817079,(-13.015441700828331+0j),(-0.07683181431318672+0j),(0.9945860474237526+0j),(1.0054434230107836+0j),(1.0000000000001137+6.463418310427027e-08j),(1.0000000000001137-6.463418310427027e-08j)
182,-0.2748288563929389,1.5757553310265948,0.8204069617146683,0.5555473914961812,0.014061181289014122,25.106758165985305,2.825416871882927,6.544712094310949,(-13.012575450067434+0j),(-0.0768487378832633+0j),(0.9921389425934746+0j),(1.0079233432618626+0j),(1.0000000000001912+1.1249566984978691e-07j),(1.0000000000001912-1.1249566984978691e-07j)
183,-0.2751743708154922,1.575508956046261,0.8201159395000159,0.5557725357048403,0.018356819818815776,25.10676682815634,2.8250624758788714,6.542808846357954,(-13.008746334455092+0j),(-0.07687135826324751+0j),(0.9897536239646483+0j),(1.010352451143094+0j),(0.9999999300286853+0j),(1.0000000699715434+0j)
184,-0.27562223475689196,1.5751892435070227,0.819738362996864,0.5560643265260168,0.022752574633601894,25.10677806870787,2.8246027500964366,6.540339669936094,(-13.003778614184132+0j),(-0.0769007247506616+0j),(1.0128409840521218+0j),(0.9873218163007451+0j),(0.9999995052401902+0j),(1.00000049475972+0j)
185,-0.2761545055785979,1.5748087530873502,0.8192891163840385,0.5564110416412421,0.02706913649000356,25.106791446052707,2.8240558667994833,6.537401972677078,(-12.997868251954786+0j),(-0.07693569288254982+0j),(1.015286692797202+0j),(0.9849434717238849+0j),(1.0000000000001181+1.3465986372214715e-07j),(1.0000000000001181-1.3465986372214715e-07j)
186,-0.2766370389333784,1.5744633249401137,0.818881369379998,0.5567252942753752,0.03046274111772995,25.10680359065224,2.8235596006543,6.5347358018096795,(-12.992504146946658+0j),(-0.07696745667578389+0j),(1.0172103730229631+0j),(0.9830808125067788+0j),(1.0000000000001017+6.833977608834588e-08j),(1.0000000000001017-6.833977608834588e-08j)
187,-0.27727684143923076,1.5740045896111219,0.8183400225791035,0.557141875314298,0.03445667014041962,25.106819718939466,2.8229008733618484,6.531196258744466,(-12.985382851200383+0j),(-0.07700966629408496+0j),(1.0194748357189611+0j),(0.9808971883989575+0j),(0.9999998970940887+0j),(1.000000102905468+0j)
188,-0.27796856586111995,1.5735076950837472,0.8177538366438675,0.5575921424211684,0.038315996191835636,25.106837188933785,2.822187764354518,6.5273637891632434,(-12.977672156681772+0j),(-0.07705542165635189+0j),(1.0216629518754086+0j),(0.978796381102282+0j),(0.9999990768902686+0j),(1.0000009231110487+0j)
189,-0.2787939464049144,1.572913518726768,0.8170531494349362,0.5581292465066632,0.04247303873000874,25.10685807945132,2.8213356022534626,6.522783001298033,(-12.968455819710599+0j),(-0.07711018289299476+0j),(1.0240192057850352+0j),(0.9765441842805959+0j),(0.999999866292893+0j),(1.000000133707279+0j)
190,-0.2796684321733257,1.572282477200986,0.8163093010173057,0.5586981096900226,0.046482770249648704,25.106880266561205,2.8204312281539385,6.517920355776656,(-12.958672312205943+0j),(-0.07716839934982206+0j),(1.0262907079942651+0j),(0.9743827866819804+0j),(0.9999999175410614+0j),(1.0000000824581845+0j)
191,-0.2806374099652802,1.5715814195605289,0.8154832972886321,0.5593282058774177,0.05056606080044262,25.10690491616494,2.8194272979852806,6.512520954281394,(-12.947808762327766+0j),(-0.07723314564732804+0j),(1.0286019883612354+0j),(0.9721933374750861+0j),(1.0000000000000262+1.0625350427401298e-07j),(1.0000000000000262-1.0625350427401298e-07j)
192,-0.28170395251548214,1.5708075388902398,0.8145719523301026,0.5600214591229983,0.05472102799491654,25.10693212747841,2.8183200329590523,6.506563982552152,(-12.935823257745623+0j),(-0.07730470491799199+0j),(1.0309512339509141+0j),(0.9699779844744696+0j),(1.000000000000019+2.0801612686452636e-07j),(1.000000000000019-2.0801612686452636e-07j)
193,-0.28287093446848954,1.5699580813469471,0.8135721620895944,0.5607796537093097,0.058945832931509685,25.10696199806692,2.8171057628260554,6.500029118538357,(-12.922674877246099+0j),(-0.07738335984000541+0j),(1.0333365952333267+0j),(0.9677388806449192+0j),(0.9999999119011479+0j),(1.0000000880990048+0j)
194,-0.28414103191896456,1.5690303405670256,0.812480899260498,0.5616044332973632,0.0632387200129812,25.106994624100402,2.815780918445163,6.492896492161449,(-12.908323590131433+0j),(-0.07746939352472228+0j),(1.0357562098956081+0j),(0.9654781602514121+0j),(0.9999999622296692+0j),(1.000000037770789+0j)
195,-0.2855167259078649,1.5680216492126546,0.8112952048350619,0.562497302692608,0.06759805358658937,25.10703010072048,2.814342019890664,6.485146598593814,(-12.892730105704178+0j),(-0.07756309111980565+0j),(1.0382082256121021+0j),(0.9631979166902779+0j),(1.000000000000184+7.777211268869316e-08j),(1.000000000000184-7.777211268869316e-08j)
196,-0.28700030922473513,1.5669293680515994,0.8100121768194315,0.5634596317998446,0.07202235067728993,25.107068522505475,2.812785660653396,6.476760209232723,(-12.87585567717976+0j),(-0.07766474128900154+0j),(1.0406908199733296+0j),(0.9609001836160425+0j),(0.9999998317967276+0j),(1.0000001682032758+0j)
197,-0.28859389577079464,1.5657508730173892,0.8086289566637052,0.5644926612784935,0.07651030937411606,25.10710998401973,2.811108488563621,6.4677182532654465,(-12.857661868018566+0j),(-0.07777463820724802+0j),(1.0432022179290599+0j),(0.9585869190200261+0j),(0.9999998693787518+0j),(1.0000001306214534+0j)
198,-0.29029943171940714,1.564483540703291,0.8071427139645725,0.5655975093956327,0.08106083269139949,25.10715458043261,2.8093071840899473,6.458001685829262,(-12.838110286750844+0j),(-0.07789308376192806+0j),(1.04574070668497+0j),(0.9562599921824826+0j),(0.9999997657324099+0j),(1.0000002342673495+0j)
199,-0.29211870769535164,1.5631247327461144,0.8055506300124345,0.566775179567821,0.08567304799123655,25.10720240819311,2.8073784366387216,6.4475913426616005,(-12.81716229539969+0j),(-0.07802038992495619+0j),(1.0483046473109054+0j),(0.9539211741220929+0j),(0.9999997083200293+0j),(1.0000002916799267+0j)
200,-0.294053371268076,1.5616717795042052,0.8038498806873821,0.5680265681294698,0.09034632223812514,25.107253565747442,2.8053189194217234,6.436467791364908,(-12.794778700153381+0j),(-0.07815688128211645+0j),(1.0508924839142497+0j),(0.9515721306477682+0j),(0.9999997412788477+0j),(1.0000002587206127+0j)
201,-0.2961049391103591,1.5601219633899388,0.8020376191640601,0.5693524719061221,0.09508027352541254,25.107308154289502,2.8031252633677157,6.424611161749084,(-12.770919425588064+0j),(-0.07830289791114713+0j),(1.0535027501837126+0j),(0.9492144181169874+0j),(0.9999997943511398+0j),(1.0000002056486532+0j)
202,-0.2982748082780126,1.5584725021459018,0.8001109587975094,0.5707535952394357,0.09987477940281382,25.107366278537384,2.8007940304555685,6.412000987269741,(-12.745543176341204+0j),(-0.07845879819871086+0j),(1.0561340735459916+0j),(0.9468494815647378+0j),(0.9999998236656218+0j),(1.0000001763350694+0j)
203,-0.3005642661433433,1.5567205323003313,0.7980669565082162,0.5722305561657063,0.1047299826146996,25.107428047529222,2.7983216867293583,6.398616027636435,(-12.71860709097022+0j),(-0.07862496204734898+0j),(1.0587851774166563+0j),(0.9444786547152382+0j),(0.9999999496412632+0j),(1.0000000503582671+0j)
204,-0.30297449862402076,1.554863092956449,0.7959025968817072,0.5737838915220598,0.10964629485693539,25.1074935754383,2.795704575155975,6.384434089724722,(-12.690066385223654+0j),(-0.07880179423369547+0j),(1.0614548819174867+0j),(0.9421031614596773+0j),(0.9999999330033098+0j),(1.0000000669967692+0j)
205,-0.3055065964130087,1.5528971100304514,0.7936147771634646,0.5754140608012231,0.11462439917580185,25.107562982406126,2.7929388883748336,6.369431857185507,(-12.659873986158246+0j),(-0.07898972778556976+0j),(1.0641421031763745+0j),(0.9397241186250866+0j),(1.0000000000001703+6.192159380968737e-08j),(1.0000000000001703-6.192159380968737e-08j)
206,-0.30816155899404624,1.55081938098904,0.7912002932517394,0.5771214486308268,0.11966525158898689,25.107636395397464,2.790020641300015,6.353584692508777,(-12.62798015700429+0j),(-0.07918922802561269+0j),(1.0668458518622723+0j),(0.9373425394652201+0j),(0.999999894824097+0j),(1.0000001051760319+0j)
207,-0.3109402962798889,1.5486265600996434,0.7886558267514661,0.5789063657913429,0.12477008246798596,25.1077139490817,2.786945643453557,6.3368664516935915,(-12.594332106940907+0j),(-0.07940079645135603+0j),(1.0695652309362205+0j),(0.9349593377535866+0j),(1.000000000000031+8.320978910876234e-08j),(1.000000000000031-8.320978910876234e-08j)
208,-0.31384362773697966,1.546315144180948,0.7859779331341192,0.580769048711465,0.12994039819017236,25.10779578674787,2.7837094708252854,6.3192492800752955,(-12.558873584769621+0j),(-0.07962497538169983+0j),(1.0722994332481104+0j),(0.9325753320319281+0j),(0.9999999440451773+0j),(1.000000055954522+0j)
209,-0.31687227890133673,1.5438814588030256,0.7831630309995046,0.5827096574096143,0.13517798349272506,25.107882061262057,2.780307437004316,6.3007034016980885,(-12.52154445063752+0j),(-0.07986235276477867+0j),(1.0750477388556217+0j),(0.930191249984097+0j),(0.9999999563833822+0j),(1.0000000436163643+0j)
210,-0.32002687517933975,1.5413216448856633,0.7802073924545465,0.5847282718530437,0.14048490494720775,25.107972936077697,2.7767345632525298,6.2811968943716145,(-12.482280221167313+0j),(-0.08011356758170095+0j),(1.077809512626423+0j),(0.927807732521167+0j),(0.9999999999999323+4.5208826163224766e-08j),(0.9999999999999323-4.5208826163224766e-08j)
211,-0.32330793283538567,1.5386316456203686,0.7771071345980628,0.5868248867179751,0.14586351591184457,25.10806858631127,2.772985547147796,6.2606954490221405,(-12.441011581796554+0j),(-0.08037931589379206+0j),(1.080584202091373+0j),(0.9254253375757026+0j),(0.9999999999999954+1.0227002880102139e-07j),(0.9999999999999954-1.0227002880102139e-07j)
212,-0.32671584704655116,1.535807193646619,0.7738582121241099,0.5889994045302754,0.15131646330395362,25.108169199896892,2.7690547293645,6.23916210805689,(-12.397663858532642+0j),(-0.0806603575821077+0j),(1.0833713358194035+0j),(0.923044543395622+0j),(0.999999833326411+0j),(1.0000001666737108+0j)
213,-0.3302508768757983,1.5328437984071341,0.770456411061376,0.5912516271597653,0.15684669650866798,25.108274978836143,2.7649360581073057,6.216556982468115,(-12.352156441060004+0j),(-0.08095752388182072+0j),(1.0861705223454028+0j),(0.9206657513051036+0j),(0.9999999999999692+1.117895953193303e-07j),(0.9999999999999692-1.117895953193303e-07j)
214,-0.33391312697882647,1.5297367336153997,0.7668973436951372,0.5935812456311556,0.1624574787359221,25.108386140560096,2.7606230506530967,6.19283693902945,(-12.304402150232864+0j),(-0.08127172597578843+0j),(1.0889814500431658+0j),(0.9182892876255553+0j),(1.000000073972197+0j),(0.9999999260281145+0j)
215,-0.3377025258093319,1.5264810247725198,0.7631764447416826,0.5959878281991833,0.16815240113576765,25.108502919424385,2.7561087513923863,6.1679552495319845,(-12.254306533605883+0j),(-0.08160396487636044+0j),(1.0918038876219787+0j),(0.91591540508108+0j),(1.0000000192939387+0j),(0.9999999807056209+0j)
216,-0.3416188000274703,1.523071436684308,0.7592889688882375,0.5984708066171815,0.17393540000099017,25.108625568359017,2.751385685681783,6.14186121400853,(-12.201767084897746+0j),(-0.08195534245059516+0j),(1.0946376857907343+0j),(0.9135442831698003+0j),(1.00000000000004+1.321069106841722e-07j),(1.00000000000004-1.321069106841722e-07j)
217,-0.34566144474630445,1.5195024609397043,0.7552299898505204,0.6010294605072067,0.17981077740567328,25.108754360699432,2.746445808733779,6.114499721479791,(-12.146672367942328+0j),(-0.08232707441667485+0j),(1.0974827799409554+0j),(0.9111760277947811+0j),(0.999999878990849+0j),(1.0000001210089802+0j)
218,-0.3498296891623068,1.515768303330176,0.7509944011599664,0.6036628997136371,0.18578322567216934,25.1088895922274,2.74128044865828,6.085810767362503,(-12.088901029103859+0j),(-0.08272050516042799+0j),(1.1003391939314544+0j),(0.9088106699416767+0j),(0.9999999999999323+5.7616762488993625e-08j),(0.9999999999999323-5.7616762488993625e-08j)
219,-0.3541224570195708,1.5118628712085447,0.746576918955378,0.6063700444952198,0.19185785610319703,25.109031583455526,2.735880242647894,6.055728905221063,(-12.028320685472739+0j),(-0.08313712496978568+0j),(1.103207045319427+0j),(0.9064481633261002+0j),(1.0000000000000127+9.639480017568594e-08j),(1.0000000000000127-9.639480017568594e-08j)
220,-0.35853832123308277,1.5077797608091696,0.7419720871339271,0.6091496033762005,0.19804023248272434,25.109180682194236,2.7302350651433724,6.024182625384427,(-11.964786660338751+0j),(-0.08357859010454584+0j),(1.1060865518386098+0j),(0.9040883810909262+0j),(1.0000001050697542+0j),(0.999999894930396+0j)
221,-0.36307545185448276,1.5035122445821987,0.7371742853152625,0.6120000484400926,0.2043364099270344,25.109337266445625,2.7243339466329766,5.991093646341826,(-11.898140546378881+0j),(-0.08404674630887878+0j),(1.108978039441613+0j),(0.9017311113792638+0j),(1.0000000000001612+1.1176954501359172e-07j),(1.0000000000001612-1.1176954501359172e-07j)
222,-0.36773155638957916,1.4990532586310552,0.7321777401917897,0.6149195878053677,0.2107529797635133,25.109501747676685,2.7181649815180826,5.956376111184945,(-11.828208565514652+0j),(-0.08454365632941767+0j),(1.111881952049882+0j),(0.8993760517078331+0j),(0.9999999999999625+6.698288478107251e-08j),(0.9999999999999625-6.698288478107251e-08j)
223,-0.37250381126992294,1.4943953903887746,0.7269765409841032,0.6179061349715648,0.21729712122322686,25.10967457453207,2.711715223217606,5.919935660871982,(-11.754799689181793+0j),(-0.08507163257127992+0j),(1.1147988630225258+0j),(0.8970228022025701+0j),(1.0000000000002545+9.83885357768906e-08j),(1.0000000000002545-9.83885357768906e-08j)
224,-0.3773887830223594,1.489530866730869,0.7215646599106466,0.6209572746622851,0.22397666087507084,25.10985623705796,2.704970564359257,5.881668379671665,(-11.677703483812211+0j),(-0.08563327553167518+0j),(1.1177294886400957+0j),(0.894670857450284+0j),(1.000000082018511+0j),(0.9999999179817429+0j)
225,-0.38238233736765,1.4844515427973974,0.7159359788053947,0.6240702247174217,0.23080014087815864,25.11004727152045,2.6979155995338227,5.841459573923065,(-11.59668762680282+0j),(-0.08623151990318663+0j),(1.1206747037317024+0j),(0.8923195969989388+0j),(1.0000000000000586+6.812794269525522e-08j),(1.0000000000000586-6.812794269525522e-08j)
226,-0.3874795340974689,1.4791488919044051,0.7100843233188746,0.6272417935001096,0.23777689731550739,25.11024826591622,2.6905334676315125,5.799182365717361,(-11.511495041932417+0j),(-0.08686968950421599+0j),(1.1236355596516552+0j),(0.8899682743314096+0j),(0.9999999058101726+0j),(1.000000094189527+0j)
227,-0.39267450509203444,1.4736139970581892,0.7040035065076635,0.6304683321705422,0.24491715008286563,25.110459866291443,2.682805670238248,5.75469607357107,(-11.421840583540721+0j),(-0.08755156339892423+0j),(1.126613304799986+0j),(0.8876160043010511+0j),(0.9999999062271138+0j),(1.0000000937734517+0j)
228,-0.39796031224960055,1.4678375447717409,0.6976873840998857,0.6337456810456354,0.2522321060413478,25.110682784005117,2.674711861934009,5.707844321937098,(-11.327407187458098+0j),(-0.08828145606669562+0j),(1.1296094079812864+0j),(0.8852617488246125+0j),(0.9999998096605102+0j),(1.0000001903399702+0j)
229,-0.4033287813462193,1.4618098221313498,0.6911299243470452,0.6370691090917774,0.25973407741302684,25.11091780409641,2.666229607578048,5.658452856760622,(-11.22784139816203+0j),(-0.08906431472277598+0j),(1.132625584679069+0j),(0.8829043008782753+0j),(0.9999997522205596+0j),(1.0000002477800214+0j)
230,-0.4087703069005798,1.4555207183995529,0.6843252961786103,0.6404332453823418,0.2674366176867071,25.111165794944842,2.657334100790508,5.606326995370005,(-11.12274815190456+0j),(-0.08990583858597387+0j),(1.1356638266192514+0j),(0.8805422666097874+0j),(0.9999996313248454+0j),(1.0000003686762684+0j)
231,-0.41427362193276784,1.4489597329068062,0.677267980430157,0.6438320010792121,0.27535467759412985,25.111427719442247,2.6479978368455015,5.55124865588399,(-11.011684685940974+0j),(-0.09081262572542713+0j),(1.1387264346191204+0j),(0.8781740456685403+0j),(0.999999273389694+0j),(1.0000007266113413+0j)
232,-0.41982552499672776,1.442115991629814,0.6699529103084718,0.6472584801465003,0.28350478400550044,25.11170464793175,2.6381902320697597,5.492972886997096,(-10.894153418814675+0j),(-0.09179235518686411+0j),(1.1418160548236342+0j),(0.8757978097922505+0j),(0.9999984938069589+0j),(1.0000015061951724+0j)
233,-0.42541055496275143,1.4349782757517862,0.6623756490870011,0.6507048765532983,0.2919052448015839,25.11199777320443,2.6278771806723666,5.431223747436885,(-10.76959347888079+0j),(-0.09285401551288118+0j),(1.1449357176499526+0j),(0.8734114802978592+0j),(0.9999998622975799+0j),(1.0000001377029675+0j)
234,-0.4307609949391476,1.4278734436852378,0.6548878414465247,0.6540081690429661,0.3001838814292403,25.112294190104183,2.617516519285718,5.368695566763744,(-10.643436516667226+0j),(-0.09395461686625896+0j),(1.1479475927816356+0j),(0.8711199067707518+0j),(0.9999999999998206+2.3427246849613533e-08j),(0.9999999999998206-2.3427246849613533e-08j)
235,-0.4363629163838229,1.420117031278009,0.646777805247016,0.6574714321835208,0.3091466312212582,25.112623428244294,2.606085275058705,5.299122479530842,(-10.503034378130337+0j),(-0.09521058048132994+0j),(1.1511406262081136+0j),(0.8687035947056913+0j),(0.9999996774214142+0j),(1.0000003225789902+0j)
236,-0.44168730079375756,1.412398992030067,0.6387774413802598,0.6607712758698305,0.31800641347600633,25.11295726830795,2.5945724732829047,5.2284255807690645,(-10.360329131433218+0j),(-0.09652203007363766+0j),(1.154230195754438+0j),(0.8663783044996498+0j),(0.9999995036716144+0j),(1.0000004963282096+0j)
237,-0.44595662676549747,1.4059291723996925,0.6321266694199831,0.6634262244167702,0.3254016663027465,25.113242212936072,2.5848050466250347,5.167947674384364,(-10.238222140781803+0j),(-0.09767320793042691+0j),(1.1567600287324207+0j),(0.8644835360503742+0j),(0.9999994857366474+0j),(1.0000005142634076+0j)
238,-0.45043823682851186,1.3988250884674895,0.6248849535823308,0.6662256699195978,0.3335015456273513,25.11356077533073,2.5739465051315134,5.100172271708419,(-10.101347853217206+0j),(-0.09899668979736043+0j),(1.1594815449218987+0j),(0.8624544343804255+0j),(0.9999970858630958+0j),(1.0000029141452946+0j)
239,-0.4548652881668327,1.3914393820018454,0.6174269643345988,0.6690085615873232,0.34191337428243573,25.113898655448136,2.5624965042904098,5.028084428842749,(-9.955724129850896+0j),(-0.10044472777176736+0j),(1.1622552116467069+0j),(0.8603962279369354+0j),(0.9999999999997429+9.552107272378758e-08j),(0.9999999999997429-9.552107272378758e-08j)
240,-0.45898562597460657,1.384173165444522,0.6101635219154091,0.6716203416185398,0.3501934066119493,25.114238141524066,2.5510576987475373,4.95542938131707,(-9.808910642538251+0j),(-0.10194812007576598+0j),(1.1649349949669536+0j),(0.8584169969311252+0j),(0.9999978768434721+0j),(1.0000021231617318+0j)
241,-0.4632327897551098,1.3762000844324411,0.6022823295135925,0.6743429495671137,0.3592992913721029,25.114619253117276,2.5382900289664656,4.873581213289408,(-9.64346526245952+0j),(-0.10369716412391644+0j),(1.167826573890052+0j),(0.8562915268052872+0j),(0.9999999638142331+0j),(1.0000000361859693+0j)
242,-0.46712191845596523,1.368361374530774,0.5946297975867436,0.6768739109182044,0.3682882819398252,25.11500330317097,2.5254977873015823,4.790781895734929,(-9.476034414884378+0j),(-0.10552937612602747+0j),(1.1706262936845244+0j),(0.8542435834521205+0j),(1.0000000000001428+7.598093988400247e-08j),(1.0000000000001428-7.598093988400247e-08j)
243,-0.4708486907870747,1.3602268707237157,0.586795268158548,0.679347582600643,0.37767184934448894,25.11541234775886,2.5119490247583123,4.702225305615207,(-9.296887733217506+0j),(-0.10756287788800488+0j),(1.173493232545502+0j),(0.8521565973000783+0j),(1.0000000000000735+5.472777192532312e-08j),(1.0000000000000735-5.472777192532312e-08j)
244,-0.47436990507446636,1.3517905722571133,0.5787926750760674,0.681748166062813,0.38748186275072344,25.115848684363552,2.49757650405391,4.607326605335556,(-9.104821290948143+0j),(-0.10983191959852243+0j),(1.1764320578092513+0j),(0.8500278391440153+0j),(0.9999998947506374+0j),(1.0000001052496317+0j)
245,-0.4776349134569313,1.343048260725148,0.5706411788547209,0.6840575749875542,0.3977529863558893,25.11631485349586,2.482305784317798,4.505432083198458,(-8.898485492424664+0j),(-0.11237867397435015+0j),(1.1794475006276133+0j),(0.8478546094415126+0j),(0.9999999999998141+8.442475928092342e-08j),(0.9999999999998141-8.442475928092342e-08j)
246,-0.4805843372251298,1.3339982620602207,0.5623665156311279,0.686255062057069,0.4085225352087751,25.116813646997926,2.4660549850445928,4.395815214990464,(-8.676374921891147+0j),(-0.11525550809552995+0j),(1.1825441272693455+0j),(0.8456344054667434+0j),(1.0000001009944008+0j),(0.9999998990052629+0j)
247,-0.48314863984380985,1.3246424685803917,0.5540026551262711,0.6883167879635517,0.4198300393217512,25.117348102170023,2.448734997100055,4.277676067595943,(-8.436824121876612+0j),(-0.1185280130921014+0j),(1.1857259795702944+0j),(0.8433651764646429+0j),(0.9999992139367766+0j),(1.0000007860638005+0j)
248,-0.48524662777198385,1.314987692674799,0.545593794044849,0.6902153386018607,0.4317163450529878,25.117921471373716,2.4302504689700237,4.150146732265364,(-8.178014393615065+0j),(-0.12227907066910955+0j),(1.1889960291756272+0j),(0.8410457019707871+0j),(1.0000000000001745+1.1906984698669672e-07j),(1.0000000000001745-1.1906984698669672e-07j)
249,-0.48672884391164734,1.3054967101894825,0.5375701081172655,0.6918478288972806,0.4436503442812646,25.11850873434891,2.411411438534358,4.018689442868341,(-7.910972171238678+0j),(-0.12640671441432272+0j),(1.1922036090335675+0j),(0.8387828995173269+0j),(0.9999981149344954+0j),(1.0000018850691368+0j)
250,-0.48763038140293496,1.2952899807211096,0.5292394398661078,0.6933339829894211,0.45680186958600694,25.119168983091427,2.3903323641129752,3.869903716146222,(-7.60837329231518+0j),(-0.13143413993694933+0j),(1.195651412116165+0j),(0.8363641692445886+0j),(1.0000000629946744+0j),(0.9999999370052347+0j)
251,-0.4877671682751363,1.2857126964582692,0.5217362278315569,0.6944613435090708,0.469484024947853,25.119818276694797,2.369696918117401,3.7225984069205706,(-7.308367347883715+0j),(-0.13682946578568897+0j),(1.1988893711935769+0j),(0.8341053178270545+0j),(0.9999998700354128+0j),(1.0000001299647365+0j)
252,-0.4870885786067801,1.2755539907018631,0.5141512019850274,0.6953558026856514,0.48334777273397417,25.120541807695545,2.34680064229087,3.5573525716150867,(-6.971259031783037+0j),(-0.1434461114495692+0j),(1.2023296811501554+0j),(0.8317186339802334+0j),(1.0000000808429534+0j),(0.9999999191568886+0j)
253,-0.4855270181132288,1.2656645355043443,0.507185159650643,0.6959047103994869,0.497305110320006,25.12128429363914,2.323402452753804,3.3866524863873186,(-6.622300035565149+0j),(-0.151004937046784+0j),(1.2056848306763743+0j),(0.8294041482118667+0j),(0.9999999054984887+0j),(1.0000000945009349+0j)
254,-0.4829496182871477,1.2557023030526715,0.5006429019728883,0.6961051829380922,0.5118851436205935,25.122074526614206,2.298599740416412,3.2038318480912693,(-6.247602291282398+0j),(-0.16006140490778759+0j),(1.209067580161+0j),(0.8270836274245968+0j),(0.9999999353242958+0j),(1.000000064675468+0j)
