Index,Initial x,Initial vy,Initial vz,Period,Jacobi Constant,Stability Index,Eig1,Eig2,Eig3,Eig4,Eig5,Eig6
0,-1.9461898481852027,1.2483592356438489,3.9841943533227666e-22,31.346573567353353,3.2590768272955173,1.0000000000028637,(0.9486739601899049+0.3162557782203057j),(0.9486739601899049-0.3162557782203057j),(0.9999999999997171+6.656987248108228e-07j),(0.9999999999997171-6.656987248108228e-07j),(1.0000023932193907+0j),(0.999997606786338+0j)
1,-1.9461898195645846,1.2483592034759723,-9.99999906882354e-05,31.346573573163983,3.2590768014052545,1.0000000071721855,(0.9486739555656953+0.31625579209150084j),(0.9486739555656953-0.31625579209150084j),(0.9998802391841428+0j),(1.0001197751596644+0j),(0.9999998305751795+0j),(1.0000001694253713+0j)
2,-1.9461897327284652,1.248359105635824,-0.00019999990469622174,31.346573591623578,3.2590767237965474,1.000000028693568,(0.948673943282369+0.316255828937913j),(0.948673943282369-0.316255828937913j),(1.0002395848179466+0j),(0.9997604725696153+0j),(0.9999999999996989+1.6028155117436125e-07j),(0.9999999999996989-1.6028155117436125e-07j)
3,-1.9461895880015425,1.248358942568748,-0.00029999966582899243,31.3465736223895,3.2590765944490174,1.0000000645567224,(0.9486739228262229+0.31625589029949136j),(0.9486739228262229-0.31625589029949136j),(1.000359388156017+0j),(0.999640740957665+0j),(0.9999998120533209+0j),(1.0000001879468845+0j)
4,-1.94618938538418,1.2483587142751307,-0.00039999919765003073,31.346573665461626,3.2590764133630747,1.0000001147687487,(0.9486738941771218+0.31625597623927937j),(0.9486738941771218-0.31625597623927937j),(1.0004792154991697+0j),(0.9995210140378035+0j),(1.0000000000001315+9.19266109961325e-08j),(1.0000000000001315-9.19266109961325e-08j)
5,-1.9461891248762542,1.248358420754626,-0.0004999984237202652,31.346573720839896,3.259076180539382,1.0000001793227211,(0.948673857351914+0.3162560867028681j),(0.948673857351914-0.3162560867028681j),(1.0005990494874395+0j),(0.9994013091583689+0j),(0.9999998910739443+0j),(1.0000001089261241+0j)
6,-1.946188806477906,1.2483580620072146,-0.0005999972676010766,31.3465737885241,3.2590758959787385,1.000000258221454,(0.9486738123427518+0.31625622171724554j),(0.9486738123427518-0.31625622171724554j),(1.0007188978911616+0j),(0.9992816185521282+0j),(0.9999999999999194+1.345869702302844e-07j),(0.9999999999999194-1.345869702302844e-07j)
7,-1.9461884301893047,1.2483576380328607,-0.0006999956528532244,31.346573868514074,3.2590755596821377,1.0000003514607532,(0.9486737591581873+0.3162563812548955j),(0.9486737591581873-0.3162563812548955j),(1.0008387556770475+0j),(0.99916194724465+0j),(0.9999999999999756+1.4906431474637874e-07j),(0.9999999999999756-1.4906431474637874e-07j)
8,-1.9461879960107134,1.2483571488316119,-0.000799993503037487,31.346573960809575,3.259075171650744,1.00000045903789,(0.9486736978048926+0.3162565652962368j),(0.9486736978048926-0.3162565652962368j),(1.0009586218583904+0j),(0.9990422962176136+0j),(0.9999998372502097+0j),(1.0000001627497517+0j)
9,-1.9461875039420673,1.2483565944030195,-0.0008999907417096278,31.34657406541035,3.259074731885919,1.0000005809550843,(0.9486736282743549+0.31625677386686957j),(0.9486736282743549-0.31625677386686957j),(1.001078500481795+0j),(0.9989226614284253+0j),(0.999999914632221+0j),(1.0000000853678124+0j)
10,-1.9461869539840118,1.2483559747475592,-0.0009999872924326889,31.34657418231609,3.2590742403891646,1.0000007172071719,(0.9486735505780348+0.3162570069318652j),(0.9486735505780348-0.3162570069318652j),(1.0011983878037383+0j),(0.9988030466107626+0j),(0.9999999753423213+0j),(1.000000024657635+0j)
11,-1.9461860205043082,1.2483549229630126,-0.0011499806673574827,31.346574380745743,3.2590734061504607,1.000000948457705,(0.9486734187298342+0.316257402436367j),(0.9486734187298342-0.316257402436367j),(1.001378234306234+0j),(0.9986236626088395+0j),(0.9999999057217519+0j),(1.0000000942782112+0j)
12,-1.9461849398295405,1.2483537053241034,-0.0013022215919915566,31.3465746104615,3.2590724403822318,1.0000012161445009,(0.9486732661389095+0.31625786016117696j),(0.9486732661389095-0.31625786016117696j),(1.0015607963699646+0j),(0.9984416359186602+0j),(0.9999999437450671+0j),(1.000000056255034+0j)
13,-1.9461837057285303,1.2483523148079916,-0.0014567434275737424,31.346574872786423,3.2590713375230473,1.0000015217981217,(0.9486730919463697+0.31625838268218964j),(0.9486730919463697-0.31625838268218964j),(1.0017461130280463+0j),(0.9982569305684131+0j),(0.9999999999999885+1.1620780511491876e-07j),(0.9999999999999885-1.1620780511491876e-07j)
14,-1.946182311754403,1.2483507441481634,-0.0016135800122656827,31.346575169089157,3.2590700918211417,1.0000018669985011,(0.9486728952718402+0.3162589726421548j),(0.9486728952718402-0.3162589726421548j),(1.0019342231994919+0j),(0.998069510797359+0j),(1+7.2378428931775e-08j),(1-7.2378428931775e-08j)
15,-1.9461807512395444,1.2483489858291692,-0.0017727656670363378,31.346575500785008,3.2590686973282734,1.0000022533803101,(0.9486726751999544+0.31625963278455316j),(0.9486726751999544-0.31625963278455316j),(1.0021251678151597+0j),(0.9978793389453587+0j),(1.0000000000000056+1.217066784790243e-07j),(1.0000000000000056-1.217066784790243e-07j)
16,-1.9461790172872377,1.2483470320768135,-0.0019343352015238511,31.346575869337585,3.2590671478937403,1.0000026826278596,(0.9486724307995871+0.316260365902379j),(0.9486724307995871-0.316260365902379j),(1.0023189863462032+0j),(0.9976863789096463+0j),(0.9999998553977986+0j),(1.00000014460221+0j)
17,-1.946177102764454,1.2483448748500123,-0.0020983239199272594,31.346576276260283,3.2590654371580143,1.000003156485218,(0.9486721610991355+0.31626117491002154j),(0.9486721610991355-0.31626117491002154j),(1.002515720991721+0j),(0.9974905919788004+0j),(0.9999998400201763+0j),(1.0000001599798063+0j)
18,-1.9461750002951512,1.248342505833373,-0.0022647676269385133,31.346576723117778,3.2590635585462246,1.0000036767504081,(0.9486718651043594+0.3162620627888361j),(0.9486718651043594-0.3162620627888361j),(1.0027154131562843+0j),(0.99729194034457+0j),(0.9999999999999902+1.0267201017691227e-07j),(0.9999999999999902-1.0267201017691227e-07j)
19,-1.9461727022517699,1.2483399164273636,-0.0024337026336525435,31.346577211527677,3.2590615052615264,1.000004245274226,(0.9486715418085356+0.3162630325578245j),(0.9486715418085356-0.3162630325578245j),(1.0029181029360776+0j),(0.9970903876122845+0j),(0.9999997873740328+0j),(1.000000212626021+0j)
20,-1.946170200747087,1.2483370977390225,-0.0026051657634893668,31.346577743162282,3.259059270278236,1.0000048639762893,(0.9486711901486993+0.31626408740421424j),(0.9486711901486993-0.31626408740421424j),(1.0031238343571902+0j),(0.9968858935957553+0j),(0.9999997620051153+0j),(1.0000002379948782+0j)
21,-1.9461674876265822,1.2483340405734322,-0.002779194358146872,31.346578319749973,3.2590568463347163,1.0000055348334578,(0.9486708090457401+0.3162652305654873j),(0.9486708090457401-0.3162652305654873j),(1.0033326503333202+0j),(0.9966784193335487+0j),(0.9999999999999942+9.876042854075078e-08j),(0.9999999999999942-9.876042854075078e-08j)
22,-1.946164554459956,1.2483307354240663,-0.002955826283543819,31.34657894307731,3.259054225926141,1.0000062598757538,(0.9486703974135515+0.31626646529655045j),(0.9486703974135515-0.31626646529655045j),(1.003544591501508+0j),(0.9964679282500294+0j),(0.9999997258233326+0j),(1.0000002741767589+0j)
23,-1.9461613925318906,1.2483271724621827,-0.0031350999357380406,31.346579614990517,3.259051401297011,1.0000070412163922,(0.9486699540866301+0.3162677950935076j),(0.9486699540866301-0.3162677950935076j),(1.0037597045855662+0j),(0.9962543778471524+0j),(0.9999999999999898+4.873718053273822e-08j),(0.9999999999999898-4.873718053273822e-08j)
24,-1.94615799283386,1.24832334152769,-0.0033170542468849372,31.346580337397555,3.259048364433445,1.0000078810129307,(0.9486694779271219+0.3162692233675454j),(0.9486694779271219-0.3162692233675454j),(1.0039780306286337+0j),(0.9960377313971693+0j),(0.999999784192824+0j),(1.0000002158072712+0j)
25,-1.9461543460532116,1.2483192321163294,-0.0035017286910824833,31.34658111226993,3.259045107055401,1.000008781507038,(0.9486689677218814+0.31627075375650754j),(0.9486689677218814-0.31627075375650754j),(1.0041996156948305+0j),(0.9958179473191215+0j),(0.9999998172507286+0j),(1.0000001827492828+0j)
26,-1.9461504425654443,1.2483148333713245,-0.0036891632903376004,31.346581941644644,3.259041620608411,1.0000097450012921,(0.9486684222490505+0.31627238992308393j),(0.9486684222490505-0.31627238992308393j),(1.0044245040600728+0j),(0.9955949859422764+0j),(1.000000000000008+6.750067840543957e-08j),(1.000000000000008-6.750067840543957e-08j)
27,-1.9461462724237095,1.2483101340712703,-0.0038793986204209764,31.346582827626182,3.2590378962552764,1.0000107738681245,(0.9486678402595834+0.3162741356121527j),(0.9486678402595834-0.3162741356121527j),(1.0046527402967909+0j),(0.9953688074393979+0j),(1.0000000000000022+1.02418098219533e-07j),(1.0000000000000022-1.02418098219533e-07j)
28,-1.9461418253478417,1.2483051226174262,-0.004072475816664304,31.346583772388648,3.259033924867576,1.0000118705540397,(0.9486672204689606+0.3162759946759958j),(0.9486672204689606-0.3162759946759958j),(1.0048843698084655+0j),(0.9951393712991052+0j),(0.9999998601785929+0j),(1.0000001398214213+0j)
29,-1.9461370907151225,1.248299787023484,-0.004268436579825311,31.346584778177768,3.259029697016736,1.0000130375811307,(0.9486665615580541+0.31627797106544975j),(0.9486665615580541-0.31627797106544975j),(1.0051194386856435+0j),(0.9949066364769804+0j),(0.9999997978755687+0j),(1.0000002021244694+0j)
30,-1.9461320575489547,1.2482941149025089,-0.004467323181830501,31.346585847313232,3.2590252029650317,1.0000142775461436,(0.9486658621801487+0.3162800688212471j),(0.9486658621801487-0.3162800688212471j),(1.0053579931201349+0j),(0.9946705619726108+0j),(0.99999981397452+0j),(1.0000001860254815+0j)
31,-1.9461267145069854,1.2482880934531912,-0.004669178471438862,31.346586982190804,3.259020432656361,1.0000155931213544,(0.9486651209661936+0.3162822920465357j),(0.9486651209661936-0.3162822920465357j),(1.0056000792977413+0j),(0.9944311069449842+0j),(0.9999998252535535+0j),(1.0000001747464706+0j)
32,-1.9461210498712382,1.2482817094489522,-0.004874045879991572,31.346588185284684,3.2590153757065474,1.0000169870586497,(0.9486643365117632+0.3162846449494343j),(0.9486643365117632-0.3162846449494343j),(1.0058457438608925+0j),(0.9941882302564055+0j),(0.9999998014600474+0j),(1.0000001985399851+0j)
33,-1.9461150515352725,1.2482749492230132,-0.005081969426951134,31.346589459149847,3.259010021393628,1.0000184621935522,(0.9486635073784762+0.31628713184136475j),(0.9486635073784762-0.31628713184136475j),(1.0060950342498218+0j),(0.9939418901371393+0j),(1.0000000000000109+1.1660264035649299e-07j),(1.0000000000000109-1.1660264035649299e-07j)
34,-1.9461087069920282,1.2482677986544881,-0.005292993725416823,31.346590806424505,3.2590043586477755,1.0000200214365997,(0.9486626321204679+0.31628975705574863j),(0.9486626321204679-0.31628975705574863j),(1.0063479969465965+0j),(0.9936920459263998+0j),(0.9999999401829536+0j),(1.000000059817079+0j)
35,-1.9461020033214735,1.248260243154273,-0.005507163987572162,31.3465922298326,3.2589983760409753,1.000021667790875,(0.9486617092378369+0.316292525087306j),(0.9486617092378369-0.316292525087306j),(1.0066046801136344+0j),(0.993438655467991+0j),(0.9999999999999918+1.4161106515299756e-07j),(0.9999999999999918-1.4161106515299756e-07j)
36,-1.946094927177928,1.248252267650583,-0.005724526030051396,31.34659373218639,3.2589920617763695,1.0000234043373877,(0.9486607372271407+0.31629544044113855j),(0.9486607372271407-0.31629544044113855j),(1.0068651309129772+0j),(0.9931816777615523+0j),(0.9999998467102771+0j),(1.0000001532897738+0j)
37,-1.9460874647763848,1.248243856573177,-0.0059451262791605595,31.346595316389035,3.2589854036774053,1.000025234252035,(0.9486597145381348+0.31629850776222124j),(0.9486597145381348-0.31629850776222124j),(1.007129397878687+0j),(0.9929210706251582+0j),(0.9999998377584421+0j),(1.000000162241585+0j)
38,-1.946079601879089,1.248234993838005,-0.006169011776033258,31.34659698543732,3.2589783891766806,1.000027160793774,(0.9486586396107752+0.3163017317247357j),(0.9486586396107752-0.3163017317247357j),(1.0073975288480292+0j),(0.9926567927393928+0j),(0.999999784275933+0j),(1.0000002157241343+0j)
39,-1.9460713237813658,1.2482256628309292,-0.006396230181643377,31.346598742424504,3.2589710053044594,1.0000291873162956,(0.9486575108502366+0.3163051171060723j),(0.9486575108502366-0.3163051171060723j),(1.0076695724172102+0j),(0.9923888022153562+0j),(0.999999851380761+0j),(1.0000001486192678+0j)
40,-1.9460626152971632,1.2482158463911155,-0.006626829781695286,31.346600590543083,3.2589632386769325,1.0000313172616258,(0.9486563266500201+0.31630866871904895j),(0.9486563266500201-0.31630866871904895j),(1.0079455767988248+0j),(0.9921170577245185+0j),(0.999999999999991+5.628681481719503e-08j),(0.999999999999991-5.628681481719503e-08j)
41,-1.946053460743667,1.248205526793235,-0.006860859491322484,31.34660253308779,3.258955075484219,1.0000335541642222,(0.9486550853859277+0.3163123914292928j),(0.9486550853859277-0.3163123914292928j),(1.0082255901944996+0j),(0.9918415181336406+0j),(0.9999997818658485+0j),(1.0000002181342127+0j)
42,-1.946043843926571,1.2481946857306667,-0.007098368859727911,31.346604573458546,3.25894650147794,1.0000359016607914,(0.9486537853943169+0.31631629021786506j),(0.9486537853943169-0.31631629021786506j),(1.0085096617771785+0j),(0.9915621415442886+0j),(0.9999997840343391+0j),(1.0000002159657015+0j)
43,-1.946033748123807,1.2481833042966404,-0.007339408074560362,31.346606715163574,3.2589375019586333,1.0000383634766967,(0.9486524250172463+0.3163203700503706j),(0.9486524250172463-0.3163203700503706j),(1.0087978397823805+0j),(0.9912788871711183+0j),(0.9999997010042149+0j),(1.000000298995859+0j)
44,-1.946023156068429,1.248171362964329,-0.007584027966051221,31.346608961822625,3.258928061762835,1.0000409434445334,(0.9486510025566937+0.3163246360122257j),(0.9486510025566937-0.3163246360122257j),(1.009090173546145+0j),(0.9909917133428752+0j),(0.9999999363955193+0j),(1.0000000636044863+0j)
45,-1.9460120499347262,1.2481588415714722,-0.007832280011347247,31.346611317169952,3.2589181652495527,1.0000436454807322,(0.948649516344266+0.3163290930971218j),(0.948649516344266-0.3163290930971218j),(1.0093867106304764+0j),(0.9907005803311728+0j),(0.9999997648288849+0j),(1.0000002351711266+0j)
46,-1.9460004113157918,1.2481457192932952,-0.008084216337783586,31.346613785058196,3.2589077962871285,1.0000464736181316,(0.9486479646570045+0.31633374646462675j),(0.9486479646570045-0.31633374646462675j),(1.0096875003299062+0j),(0.9904054469062051+0j),(0.9999997746659651+0j),(1.000000225334103+0j)
47,-1.945988221211189,1.248131974629477,-0.008339889727030649,31.34661636946109,3.2588969382388266,1.0000494319810103,(0.9486463457942836+0.3163386012030005j),(0.9486463457942836-0.3163386012030005j),(1.0099925907115914+0j),(0.9901062732504363+0j),(0.9999997079740035+0j),(1.0000002920260616+0j)
48,-1.945975460004527,1.2481175853772697,-0.008599353617992583,31.34661907447754,3.258885573948943,1.000052524801548,(0.948644658039558+0.31634366245071044j),(0.948644658039558-0.31634366245071044j),(1.0103020302506254+0j),(0.9898030193527056+0j),(0.9999996823284784+0j),(1.000000317671605+0j)
49,-1.9459621074464089,1.2481025286121348,-0.008862662110051234,31.34662190433491,3.2588736857280782,1.0000557564140733,(0.9486428996784697+0.3163489353383812j),(0.9486428996784697-0.3163489353383812j),(1.0106158670631746+0j),(0.989495645764831+0j),(0.9999997217710753+0j),(1.0000002782290325+0j)
50,-1.945948142634959,1.248086780665125,-0.009129869965843434,31.346624863392687,3.258861255338255,1.0000591312535678,(0.9486410690121043+0.31635442494723254j),(0.9486410690121043-0.31635442494723254j),(1.0109341486621912+0j),(0.9891841138448083+0j),(0.9999996854177253+0j),(1.0000003145823784+0j)
51,-1.9459335439947187,1.24807031709814,-0.009401032613585169,31.34662795614647,3.258848263977723,1.000062653863632,(0.9486391643420901+0.31636013635797633j),(0.9486391643420901-0.31636013635797633j),(1.0112569226100578+0j),(0.9888683851170623+0j),(0.9999996183943293+0j),(1.0000003816058367+0j)
52,-1.9459182892566989,1.2480531126808407,-0.00967620614926948,31.346631187231555,3.258834692265368,1.0000663288978786,(0.9486371839716647+0.316366074644606j),(0.9486371839716647-0.316366074644606j),(1.011584236489111+0j),(0.9885484213070375+0j),(0.9999997372148852+0j),(1.0000002627851496+0j)
53,-1.9459023554373673,1.2480351413662134,-0.009955447338471281,31.346634561427045,3.258820520224776,1.0000701611031988,(0.948635126259004+0.3163722447177901j),(0.948635126259004-0.3163722447177901j),(1.011916136325706+0j),(0.988224185880454+0j),(0.9999997132144256+0j),(1.0000002867856748+0j)
54,-1.9458857188159706,1.2480163762639347,-0.01023881361762901,31.346638083659787,3.258805727268041,1.000074155345453,(0.9486329895517087+0.3163786515146689j),(0.9486329895517087-0.3163786515146689j),(1.0122526687982494+0j),(0.9878956418926046+0j),(0.9999998243082641+0j),(1.0000001756917747+0j)
55,-1.9458683549130993,1.2479967896155437,-0.010526363095178563,31.346641759008538,3.258790292179099,1.0000783165845557,(0.9486307722641415+0.3163852997748536j),(0.9486307722641415-0.3163852997748536j),(1.0125938790008113+0j),(0.9875627541681508+0j),(0.9999996721476293+0j),(1.0000003278524965+0j)
56,-1.945850238465792,1.2479763527649408,-0.01081815455185911,31.3466455927082,3.2587741930969503,1.0000826499010496,(0.9486284728071315+0.3163921942455005j),(0.9486284728071315-0.3163921942455005j),(1.0129398126170364+0j),(0.9872254871851875+0j),(0.9999997088267355+0j),(1.0000002911733377+0j)
57,-1.9458313434058154,1.2479550361333744,-0.01111424744111496,31.346649590154062,3.258757407498207,1.000087160468813,(0.9486260896753715+0.3163993394233913j),(0.9486260896753715-0.3163993394233913j),(1.013290513624906+0j),(0.9868838073123816+0j),(0.9999997041987537+0j),(1.0000002958013556+0j)
58,-1.9458116428331393,1.247932809187883,-0.011414701888411894,31.346653756906356,3.258739912179686,1.0000918535718188,(0.948623621400035+0.3164067396910193j),(0.948623621400035-0.3164067396910193j),(1.0136460256496758+0j),(0.9865376814939972+0j),(0.9999996945731235+0j),(1.0000003054269884+0j)
59,-1.9457911089916724,1.2479096404129717,-0.011719578690460468,31.346658098694604,3.258721683240381,1.0000967345989764,(0.9486210665773714+0.3164143992388667j),(0.9486210665773714-0.3164143992388667j),(1.014006391515332+0j),(0.9861870776824506+0j),(0.9999997637140758+0j),(1.000000236286003+0j)
60,-1.9457697132434093,1.2478854972801803,-0.012028939313778122,31.34666262142229,3.258702696063204,1.0001018090361127,(0.9486184238907337+0.31642232199246406j),(0.9486184238907337-0.31642232199246406j),(1.0143716526688853+0j),(0.9858319654032843+0j),(0.9999996809129349+0j),(1.0000003190871802+0j)
61,-1.9457474260407939,1.247860346215304,-0.012342845892485852,31.346667331171528,3.2586829252964575,1.0001070824793625,(0.9486156920831701+0.3164305116984039j),(0.9486156920831701-0.3164305116984039j),(1.0147418501706629+0j),(0.9854723147879273+0j),(0.999999677446625+0j),(1.0000003225534777+0j)
62,-1.9457242168997597,1.2478341525666177,-0.012661361225706918,31.3466722342079,3.2586623448349332,1.0001125606182373,(0.9486128700096054+0.3164389717652306j),(0.9486128700096054-0.3164389717652306j),(1.015117023499913+0j),(0.9851080977369033+0j),(0.9999996572589203+0j),(1.0000003427411646+0j)
63,-1.9457000543716392,1.2478068805716687,-0.012984548774267276,31.34667733698534,3.258640927800624,1.0001182492408032,(0.9486099566299152+0.31644770528898686j),(0.9486099566299152-0.31644770528898686j),(1.0154972109900613+0j),(0.9847392874914135+0j),(0.9999995887738633+0j),(1.0000004112263048+0j)
64,-1.9456749060131742,1.2477784933215148,-0.013312472656490396,31.346682646151034,3.2586186465233147,1.0001241542373371,(0.9486069510014077+0.31645671506832324j),(0.9486069510014077-0.31645671506832324j),(1.0158824501142922+0j),(0.9843658583602829+0j),(0.9999997161389877+0j),(1.0000002838610935+0j)
65,-1.945648738357462,1.247748952726348,-0.0136451976435597,31.34668816855061,3.2585954725206987,1.0001302815737514,(0.9486038523627465+0.3164660033602164j),(0.9486038523627465-0.3164660033602164j),(1.0162727758291454+0j),(0.9839877873181763+0j),(0.9999996091846454+0j),(1.0000003908155246+0j)
66,-1.9456215168821516,1.247718219477425,-0.013982789153746508,31.34669391123324,3.2585713764783404,1.000136637323096,(0.9486006600494119+0.31647557212854993j),(0.9486006600494119-0.31647557212854993j),(1.0166682227262676+0j),(0.9836050519197017+0j),(0.9999996009405561+0j),(1.000000399059609+0j)
67,-1.9455932059783558,1.2476862530100554,-0.014325313246086104,31.346699881456935,3.258546328229281,1.0001432276331066,(0.9485973735885431+0.31648542276123204j),(0.9485973735885431-0.31648542276123204j),(1.0170688230544758+0j),(0.9832176322123051+0j),(0.9999995798137421+0j),(1.0000004201864+0j)
68,-1.9455637689179102,1.2476530114643958,-0.014672836613034203,31.34670608669396,3.2585202967334146,1.0001500587363559,(0.948593992681092+0.3164955561287464j),(0.948593992681092-0.3164955561287464j),(1.017474607513626+0j),(0.9828255099592922+0j),(0.9999995911211871+0j),(1.000000408878953+0j)
69,-1.9455331678197763,1.247618451645146,-0.01502542657219299,31.346712534636097,3.2584932500566186,1.0001571369402988,(0.9485905172290094+0.3165059724922641j),(0.9485905172290094-0.3165059724922641j),(1.0178856047988882+0j),(0.9824286690816313+0j),(0.9999996377212435+0j),(1.000000362278901+0j)
70,-1.945501363615488,1.2475825289799856,-0.015383151057032371,31.34671923320041,3.2584651553496857,1.0001644686191742,(0.9485869473655517+0.3165166714210481j),(0.9485869473655517-0.3165166714210481j),(1.018301841314114+0j),(0.9820270959244243+0j),(0.9999995667261505+0j),(1.0000004332740289+0j)
71,-1.945468316013282,1.247545197476266,-0.0157460786064742,31.346726190534813,3.258435978827068,1.0001720602225617,(0.9485832834368695+0.3165276518471058j),(0.9485832834368695-0.3165276518471058j),(1.01872334184523+0j),(0.9816207786001875+0j),(0.9999996076189854+0j),(1.0000003923811516+0j)
72,-1.9454339834622247,1.2475064096777628,-0.01611427835357469,31.346733415023685,3.258405685745355,1.0001799182467532,(0.9485795260844676+0.31653891181561816j),(0.9485795260844676-0.31653891181561816j),(1.0191501281581368+0j),(0.9812097083353725+0j),(0.99999956312274+0j),(1.0000004368774322+0j)
73,-1.9453983231147944,1.2474661166193601,-0.016487820012929245,31.34674091529363,3.2583742403816136,1.0001880492493689,(0.9485756762095158+0.31655044859170045j),(0.9485756762095158-0.31655044859170045j),(1.0195822200555122+0j),(0.9807938784432266+0j),(0.9999995890446223+0j),(1.0000004109555418+0j)
74,-1.9453612907877933,1.2474242677794571,-0.01686677386667305,31.346748700219614,3.258341606011708,1.0001964598227593,(0.9485717350523724+0.31656225842591684j),(0.9485717350523724-0.31656225842591684j),(1.020019634189631+0j),(0.9803732854558529+0j),(0.9999995362765153+0j),(1.0000004637237063+0j)
75,-1.9453228409226988,1.2473808110316535,-0.017251210749261517,31.34675677893062,3.258307744888448,1.000205156593953,(0.9485677042416665+0.3165743364036758j),(0.9485677042416665-0.3165743364036758j),(1.0204623843690945+0j),(0.9799479288191297+0j),(0.9999997084530096+0j),(1.0000002915470594+0j)
76,-1.9452875434133714,1.2473409117504939,-0.017596546011499153,31.346764191525217,3.258276680036552,1.000213108412415,(0.9485640585180077+0.31658526006089244j),(0.9485640585180077-0.31658526006089244j),(1.020859227660969+0j),(0.9795669891639047+0j),(0.999999606828706+0j),(1.0000003931714427+0j)
77,-1.9452462199390839,1.2472941943428812,-0.01799218986082743,31.346772865003828,3.258240336303566,1.0002223790085634,(0.948559856921809+0.3165978487553675j),(0.948559856921809-0.3165978487553675j),(1.021312838215205+0j),(0.9791319198018451+0j),(0.999999764983602+0j),(1.0000002350164663+0j)
78,-1.9452082949313378,1.2472513127826554,-0.01834757829288393,31.346780820816363,3.2582070047492575,1.0002308505489923,(0.9485560636887569+0.31660921344632914j),(0.9485560636887569-0.31660921344632914j),(1.0217193216430625+0j),(0.9787423794550943+0j),(0.9999995764017584+0j),(1.0000004235984203+0j)
79,-1.9451639073941092,1.2472011165196224,-0.018754723429187593,31.34679012703119,3.2581680216716604,1.0002407212573208,(0.948551700487394+0.316622285227404j),(0.948551700487394-0.316622285227404j),(1.0221838400274426+0j),(0.9782976024870723+0j),(0.9999999999999982+9.919867551523965e-08j),(0.9999999999999982-9.919867551523965e-08j)
80,-1.9451231810522733,1.2471550533934264,-0.01912042759342745,31.346798660628533,3.2581322808409037,1.0002497358432598,(0.9485477693128034+0.31663406217860607j),(0.9485477693128034-0.31663406217860607j),(1.022599994331892+0j),(0.9778994773545691+0j),(0.9999995402166415+0j),(1.0000004597835712+0j)
81,-1.9450755270865383,1.2471011461242452,-0.019539372678391637,31.346808639712442,3.25809049303054,1.0002602330132058,(0.9485432570919563+0.3166475792195309j),(0.9485432570919563-0.3166475792195309j),(1.023075441704382+0j),(0.9774450243217924+0j),(0.9999997904895407+0j),(1.0000002095105174+0j)
82,-1.9450318147173633,1.2470516894066777,-0.01991565884192514,31.34681778762171,3.25805219253059,1.0002698139485322,(0.9485392008467015+0.3166597297691713j),(0.9485392008467015-0.3166597297691713j),(1.023501273149563+0j),(0.9770383547470304+0j),(1.0000000000000124+1.3057665323127745e-07j),(1.0000000000000124-1.3057665323127745e-07j)
83,-1.944986591733792,1.2470005152270107,-0.020297352789798523,31.34682724585117,3.258012599584508,1.000279677837183,(0.9485350876208352+0.31667205047522784j),(0.9485350876208352-0.31667205047522784j),(1.0239320327739971+0j),(0.9766273229003388+0j),(0.9999997713290825+0j),(1.0000002286709648+0j)
84,-1.9449398100368347,1.2469475682906994,-0.020684523691563022,31.346837023861173,3.2579716753149692,1.0002898303936496,(0.9485309214046851+0.3166845293652583j),(0.9485309214046851-0.3166845293652583j),(1.0243677204372863+0j),(0.9762119403499551+0j),(0.9999999999999771+2.238497983963685e-07j),(0.9999999999999771-2.238497983963685e-07j)
85,-1.944891420064601,1.2468927915797665,-0.021077241167972025,31.346847131371657,3.2579293798175435,1.0003002772825929,(0.9485267067368202+0.31669715282449534j),(0.9485267067368202-0.31669715282449534j),(1.0248083317061312+0j),(0.975792222858951+0j),(0.9999999999999711+2.1792172577004818e-07j),(0.9999999999999711-2.1792172577004818e-07j)
86,-1.9448413707492105,1.2468361262991645,-0.021475575269088918,31.34685757836765,3.2578856721411924,1.000311024137684,(0.9485224486578208+0.31670990573718055j),(0.9485224486578208-0.31670990573718055j),(1.0252538590082874+0j),(0.9753681892672041+0j),(0.9999999999999891+9.612760288295756e-08j),(0.9999999999999891-9.612760288295756e-08j)
87,-1.9447896094719375,1.2467775118205977,-0.021879596450422926,31.34686837510537,3.257840510269177,1.0003220765368759,(0.9485181527779774+0.31672277128481974j),(0.9485181527779774-0.31672277128481974j),(1.0257042909211138+0j),(0.9749398621529163+0j),(0.9999999999999858+8.893863330495578e-08j),(0.9999999999999858-8.893863330495578e-08j)
88,-1.9447360820205941,1.2467168856294708,-0.022289375548327224,31.346879532117633,3.257793851099641,1.0003334399859796,(0.9485138253270953+0.31673573079644096j),(0.9485138253270953-0.31673573079644096j),(1.0261596118700125+0j),(0.9745072681022062+0j),(0.9999999999999671+2.2196617699923317e-07j),(0.9999999999999671-2.2196617699923317e-07j)
89,-1.9446807325415976,1.2466541832643734,-0.022704983752202798,31.346891060219832,3.2577456504270588,1.0003451199014772,(0.9485094732042014+0.31674876359947596j),(0.9485094732042014-0.31674876359947596j),(1.02661980183487+0j),(0.9740704379682007+0j),(0.9999999999999898+8.145926351701016e-08j),(0.9999999999999898-8.145926351701016e-08j)
90,-1.9446235034931016,1.2465893382579798,-0.023126492575353867,31.346902970515785,3.2576958629237405,1.0003571216084668,(0.9485051039843011+0.3167618470014713j),(0.9485051039843011-0.3167618470014713j),(1.0270848366768053+0j),(0.9736294065400801+0j),(0.9999999999999831+2.1041983600743998e-07j),(0.9999999999999831-2.1041983600743998e-07j)
91,-1.9445643355971525,1.2465222820765087,-0.02355397382382509,31.34691527440334,3.257644442121719,1.0003694503032179,(0.9485007260232575+0.3167749559748676j),(0.9485007260232575-0.3167749559748676j),(1.027554687104877+0j),(0.9731842135020342+0j),(0.9999999999999811+7.155874990944917e-08j),(0.9999999999999811-7.155874990944917e-08j)
92,-1.9445031677889493,1.2464529440550582,-0.023987499562433894,31.346927983580425,3.2575913403953227,1.0003821110549265,(0.9484963484567923+0.31678806316514063j),(0.9484963484567923-0.31678806316514063j),(1.0280293192089367+0j),(0.9727349029010859+0j),(0.9999999999999886+1.2436656824106138e-07j),(0.9999999999999886-1.2436656824106138e-07j)
93,-1.944439937166519,1.2463812513333792,-0.024427142078988735,31.346941110050587,3.2575365089441304,1.0003951087689655,(0.9484919813012783+0.31680113858288256j),(0.9484919813012783-0.31680113858288256j),(1.0285086935431762+0j),(0.9722815239945082+0j),(0.9999997944527613+0j),(1.0000002055472996+0j)
94,-1.9443745789376627,1.2463071287877188,-0.024872973845510557,31.34695466612891,3.2574798977767436,1.0004084481837234,(0.9484876354630564+0.3168141495789275j),(0.9484876354630564-0.3168141495789275j),(1.0289927655162354+0j),(0.971824130851467+0j),(0.9999999999999893+4.612471043436494e-08j),(0.9999999999999893-4.612471043436494e-08j)
95,-1.9443070263669646,1.2462304989625632,-0.025325067477292403,31.346968664447644,3.257421455695165,1.0004221338293382,(0.948483322857161+0.3168270604946363j),(0.948483322857161-0.3168270604946363j),(1.0294814844009907+0j),(0.9713627832578872+0j),(0.9999999999999849+1.1085520049704816e-07j),(0.9999999999999849-1.1085520049704816e-07j)
96,-1.9442372107198906,1.2461512819981504,-0.02578349568860826,31.346983117961823,3.2573611302801826,1.0004361700184963,(0.9484790564307257+0.31683983258469217j),(0.9484790564307257-0.31683983258469217j),(1.0299747935693024+0j),(0.9708975464676708+0j),(0.9999998290993215+0j),(1.0000001709006976+0j)
97,-1.9441650612073609,1.2460693955583992,-0.02624833124614982,31.346998039954816,3.257298867877516,1.0004505608225727,(0.9484748502302187+0.3168524238200621j),(0.9484748502302187-0.3168524238200621j),(1.0304726302082812+0j),(0.9704284914370243+0j),(0.999999936703514+0j),(1.0000000632964683+0j)
98,-1.9440905049270227,1.2459847547539855,-0.026719646918652046,31.347013444043863,3.2572346135852968,1.0004653100341203,(0.9484707195074507+0.31686478857228606j),(0.9484707195074507-0.31686478857228606j),(1.030974924611634+0j),(0.9699556954566458+0j),(0.9999998721780476+0j),(1.000000127821966+0j)
99,-1.9440134668044506,1.2458972720650472,-0.027197515423734005,31.34702934418542,3.257168311242515,1.0004804211531182,(0.9484666807571174+0.3168768774993519j),(0.9484666807571174-0.3168768774993519j),(1.0314816003357357+0j),(0.9694792419703717+0j),(0.999999999999996+1.3843697633059702e-07j),(0.999999999999996-1.3843697633059702e-07j)
100,-1.9439338695324442,1.2458068572608707,-0.027682009371111534,31.34704575468028,3.257099903418971,1.000495897346458,(0.9484627518309785+0.3168886372038838j),(0.9484627518309785-0.3168886372038838j),(1.0319925734741706+0j),(0.9689992212191428+0j),(0.9999999999999739+1.1527600647919102e-07j),(0.9999999999999739-1.1527600647919102e-07j)
101,-1.9438516335088534,1.2457134173172018,-0.02817320120215587,31.347062690178852,3.2570293314066148,1.0005117414272315,(0.9484589519965734+0.31690001006269075j),(0.9484589519965734-0.31690001006269075j),(1.0325077526432735+0j),(0.9685157302109699+0j),(0.999999912271405+0j),(1.00000008772861+0j)
102,-1.9437666767727697,1.2456168563308447,-0.028671163125528205,31.347080165685878,3.256956535212609,1.0005279558209863,(0.9484553020297926+0.3169109339413931j),(0.9484553020297926-0.3169109339413931j),(1.0330270385667732+0j),(0.9680288730751379+0j),(0.9999999999999887+1.87558262309442e-07j),(0.9999999999999887-1.87558262309442e-07j)
103,-1.9436789149403537,1.245517075433306,-0.029175967049240092,31.347098196565195,3.2568814535540334,1.0005445425241892,(0.9484518243350684+0.31692134184273524j),(0.9484518243350684-0.31692134184273524j),(1.0335503234563135+0j),(0.9675387615921659+0j),(0.9999999999999973+1.176896043420281e-07j),(0.9999999999999973-1.176896043420281e-07j)
104,-1.9435882611369661,1.2454139726987854,-0.029687684507505016,31.347116798544317,3.256804023854885,1.0005615030823618,(0.9484485430047419+0.3169311617243195j),(0.9484485430047419-0.3169311617243195j),(1.0340774910647434+0j),(0.9670455151001565+0j),(0.999999948856392+0j),(1.0000000511435931+0j)
105,-1.943494625929934,1.245307443052494,-0.030206386583966606,31.34713598771861,3.256724182244967,1.0005788385441674,(0.948445483951538+0.31694031610347656j),(0.948445483951538-0.31694031610347656j),(1.0346084160084084+0j),(0.9665492610799831+0j),(0.9999997926952141+0j),(1.0000002073048322+0j)
106,-1.9433979172590867,1.2451973781752603,-0.030732143829900138,31.347155780555227,3.2566418635612457,1.0005965494306481,(0.9484426749940837+0.3169487217985817j),(0.9484426749940837-0.3169487217985817j),(1.0351429636080898+0j),(0.9660501352534857+0j),(0.9999999240784494+0j),(1.0000000759215357+0j)
107,-1.9432980403659486,1.245083666405582,-0.031265026177492945,31.34717619389671,3.256557001351813,1.0006146356838392,(0.9484401460074504+0.31695628948049204j),(0.9484401460074504-0.31695628948049204j),(1.0356809891398542+0j),(0.9655482822280103+0j),(0.9999998433302193+0j),(1.0000001566697923+0j)
108,-1.9431948977196805,1.244966192636403,-0.03180510284700303,31.34719724496446,3.2564695278829676,1.0006330966393957,(0.9484379289987882+0.31696292344097454j),(0.9484379289987882-0.31696292344097454j),(1.0362223378528077+0j),(0.9650438554262368+0j),(0.9999998399740594+0j),(1.0000001600259545+0j)
109,-1.9430883889449997,1.2448448382138693,-0.03235244224997243,31.34721895136158,3.256379374148822,1.0006519309753783,(0.9484360582601622+0.3169685211365438j),(0.9484360582601622-0.3169685211365438j),(1.036766844304268+0j),(0.9645370176469181+0j),(0.9999999999999734+1.333637188689968e-07j),(0.9999999999999734-1.333637188689968e-07j)
110,-1.942978410745068,1.24471948082815,-0.03290711188493765,31.347241331075313,3.2562864698848792,1.0006711366645016,(0.9484345705064322+0.31697297277220615j),(0.9484345705064322-0.31697297277220615j),(1.0373143318503115+0j),(0.9640279414789806+0j),(0.9999998907245925+0j),(1.0000001092754036+0j)
111,-1.9428648568255371,1.244589994404958,-0.03346917822819688,31.34726440247919,3.25619074358478,1.0006907109394172,(0.9484335049777642+0.3169761609892344j),(0.9484335049777642-0.3169761609892344j),(1.037864612543048+0j),(0.9635168093359362+0j),(0.9999999999999952+6.692995948213606e-08j),(0.9999999999999952-6.692995948213606e-08j)
112,-1.942747617815273,1.2444562489913416,-0.03403870661716558,31.34728818433452,3.256092122521406,1.0007106502311696,(0.9484329036248152+0.3169779603093727j),(0.9484329036248152-0.3169779603093727j),(1.0384174862968403+0j),(0.9630038141654104+0j),(0.9999998913860596+0j),(1.0000001086139505+0j)
113,-1.9426265811863523,1.244318110639363,-0.03461576112718132,31.347312695791423,3.2559905327720813,1.0007309501296335,(0.9484328112293399+0.31697823676671577j),(0.9484328112293399-0.31697823676671577j),(1.0389727407174028+0j),(0.9624891595418599+0j),(0.9999999821982155+0j),(1.000000017801776+0j)
114,-1.9425016311729664,1.2441754412870092,-0.03520040444123759,31.34733795638928,3.2558858992484008,1.0007516053252978,(0.9484332755787548+0.3169768473793748j),(0.9484332755787548-0.3169768473793748j),(1.039530150439325+0j),(0.9619730602116825+0j),(0.9999999999999778+1.2220727840313983e-07j),(0.9999999999999778-1.2220727840313983e-07j)
115,-1.942372648688506,1.2440280986352104,-0.03579269771186284,31.347363986056354,3.2557781457311767,1.0007726095586764,(0.9484343476266102+0.31697363966405845j),(0.9484343476266102-0.31697363966405845j),(1.0400894767136677+0j),(0.9614557424038856+0j),(0.9999999999999856+1.0248453863628134e-07j),(0.9999999999999856-1.0248453863628134e-07j)
116,-1.9422395112409256,1.2438759360210336,-0.03639270041471911,31.34739080510898,3.2556671949108082,1.0007939555655496,(0.9484360816630932+0.31696845111064414j),(0.9484360816630932-0.31696845111064414j),(1.0406504669098586+0j),(0.9609374442213526+0j),(0.9999997786978754+0j),(1.0000002213021602+0j)
117,-1.9421020928477946,1.2437188022888435,-0.0370004701942341,31.347418434249754,3.2555529684334163,1.0008156350283184,(0.9484385354701883+0.31696110871066335j),(0.9484385354701883-0.31696110871066335j),(1.0412128542041021+0j),(0.9604184158526138+0j),(0.9999999999999758+2.0841867954659347e-07j),(0.9999999999999758-2.0841867954659347e-07j)
118,-1.9419602639490445,1.2435565416565717,-0.03761606269969943,31.347446894565103,3.2554353869533923,1.000837638496373,(0.9484417705758582+0.31695142818203986j),(0.9484417705758582-0.31695142818203986j),(1.0417763564904279+0j),(0.9598989205025875+0j),(0.999999934592191+0j),(1.0000000654077916+0j)
119,-1.9418138913193053,1.2433889935795732,-0.03823953141234211,31.347476207521662,3.255314370192633,1.0008599553568223,(0.9484458523590962+0.31693921364028643j),(0.9484458523590962-0.31693921364028643j),(1.042340676624076+0j),(0.9593792340894653+0j),(1+6.619462073004637e-08j),(1-6.619462073004637e-08j)
120,-1.941662837978041,1.2432159926094168,-0.03887092746177682,31.34750639496217,3.2551898370073045,1.0008825737511013,(0.9484508503206319+0.31692425676458547j),(0.9484508503206319-0.31692425676458547j),(1.0429055012863027+0j),(0.9588596462162439+0j),(0.9999998236804621+0j),(1.0000001763195405+0j)
121,-1.9415069631002946,1.2430373682514317,-0.03951029943290949,31.34753747909978,3.2550617054620936,1.0009054805274413,(0.9484568382521543+0.31690633627720194j),(0.9484568382521543-0.31690633627720194j),(1.0434705007889722+0j),(0.95834046026587+0j),(0.999999781715635+0j),(1.0000002182844177+0j)
122,-1.9413461219243044,1.2428529448155414,-0.04015769316042795,31.347569482511656,3.2549298929133816,1.0009286611735841,(0.9484638944683412+0.3168852172157057j),(0.9484638944683412-0.3168852172157057j),(1.044035328392746+0j),(0.9578219939545742+0j),(0.9999999999999902+6.285107069809633e-08j),(0.9999999999999902-6.285107069809633e-08j)
123,-1.9411801656608894,1.2426625412671473,-0.040813151513163656,31.347602428131236,3.2547943161009107,1.0009520997498529,(0.9484721020443454+0.3168606501976749j),(0.9484721020443454-0.3168606501976749j),(1.0445996196522627+0j),(0.9573045798473496+0j),(0.9999999999999956+1.3432235196772803e-07j),(0.9999999999999956-1.3432235196772803e-07j)
124,-1.9410089414002432,1.2424659710717139,-0.041476714165013,31.347636339239113,3.254654891249528,1.0009757788332052,(0.9484815490272067+0.3168323707497575j),(0.9484815490272067-0.3168323707497575j),(1.045162992037248+0j),(0.9567885656291372+0j),(0.9999999187240919+0j),(1.0000000812759169+0j)
125,-1.9408322920173788,1.2422630420345653,-0.042148417352228615,31.347671239452815,3.2545115341816153,1.0009996794517884,(0.9484923286800434+0.3168000985405527j),(0.9484923286800434-0.3168000985405527j),(1.0457250443196742+0j),(0.95627431458371+0j),(0.9999998697553674+0j),(1.000000130244661+0j)
126,-1.9406500560801752,1.2420535561413437,-0.04282829361894833,31.34770715271482,3.254364160439889,1.001023781017857,(0.9485045397403743+0.31676353655650635j),(0.9485045397403743-0.31676353655650635j),(1.046285355927338+0j),(0.9557622061084884+0j),(1.0000001011737454+0j),(0.9999998988262527+0j)
127,-1.940462067754547,1.2418373093910866,-0.04351637154657294,31.34774410327909,3.2542126854227864,1.0010480612645833,(0.9485182866750376+0.3167223702916176j),(0.9485182866750376-0.3167223702916176j),(1.0468434863807794+0j),(0.9552526361483015+0j),(1.0000000000000058+1.3304691161423454e-08j),(1.0000000000000058-1.3304691161423454e-08j)
128,-1.9402681567098334,1.2416140916260778,-0.04421267546794437,31.347782115696077,3.2540570245325684,1.0010724961829842,(0.9485336799437598+0.3166762668916118j),(0.9485336799437598-0.3166762668916118j),(1.0473989747242112+0j),(0.9547460176417726+0j),(0.9999999999999951+7.307234679321253e-08j),(0.9999999999999951-7.307234679321253e-08j)
129,-1.9400681480264095,1.2413836863610945,-0.04491722516686481,31.34782121479575,3.253897093336522,1.0010970599584879,(0.9485508362697506+0.316624874278563j),(0.9485508362697506-0.316624874278563j),(1.0479513389255384+0j),(0.9542427809913708+0j),(1.0000000601239512+0j),(0.9999999398760725+0j)
130,-1.9398618621006685,1.2411458706048217,-0.04563003555849932,31.347861425668732,3.2537328077435568,1.0011217249097148,(0.948569878920302+0.31656782023018953j),(0.948569878920302-0.31656782023018953j),(1.0485000753050637+0j),(0.9537433745141732+0j),(1.0000000000000049+5.341996770498144e-08j),(1.0000000000000049-5.341996770498144e-08j)
131,-1.939649114553496,1.2409004146819143,-0.04635111635381832,31.34790277364552,3.2535640841955855,1.0011464614254755,(0.9485909379964531+0.31650471142034514j),(0.9485909379964531-0.31650471142034514j),(1.0490446578917128+0j),(0.9532482649588958+0j),(0.9999999999999958+1.323481841861462e-07j),(0.9999999999999958-1.323481841861462e-07j)
132,-1.9394297161378273,1.2406470820490751,-0.04708047170381008,31.347945284273273,3.25339083987601,1.001171237905307,(0.9486141507311192+0.31643513242465465j),(0.9486141507311192-0.31643513242465465j),(1.049584537822218+0j),(0.9527579379884451+0j),(1.0000000736689878+0j),(0.9999999263310023+0j)
133,-1.939203472647758,1.2403856291083495,-0.04781809982384397,31.347988983290833,3.253212992935876,1.0011960207071469,(0.948639661773049+0.3163586447552897j),(0.948639661773049-0.3163586447552897j),(1.0501191428457706+0j),(0.9522728985681654+0j),(1.0000000000000007+1.8214178102729864e-07j),(1.0000000000000007-1.8214178102729864e-07j)
134,-1.9389701848314422,1.2401158050205154,-0.04856399259870547,31.348033896600565,3.253030462738198,1.0012207740833619,(0.9486676235224514+0.31627478571719064j),(0.9486676235224514-0.31627478571719064j),(1.0506478765278604+0j),(0.951793671638587+0j),(1.0000000000000004+1.814583449038555e-07j),(1.0000000000000004-1.814583449038555e-07j)
135,-1.9387296483027041,1.2398373515108752,-0.049318135162863985,31.34808005023819,3.252843170123395,1.0012454601359224,(0.948698196423111+0.3161830673889322j),(0.948698196423111-0.3161830673889322j),(1.0511701177991946+0j),(0.9513208024727253+0j),(1.0000002131435857+0j),(0.999999786856457+0j)
136,-1.938481653458515,1.2395500026774064,-0.050080505460005344,31.34812747033957,3.2526510376949416,1.0012700387718423,(0.9487315492675767+0.31608297553688997j),(0.9487315492675767-0.31608297553688997j),(1.0516852204353717+0j),(0.950854857108383+0j),(1.0000001856468748+0j),(0.9999998143531449+0j)
137,-1.938225985396563,1.2392534847924386,-0.050851073775585065,31.34817618310471,3.2524539901287404,1.0012944676488058,(0.9487678595494886+0.3159739683678269j),(0.9487678595494886-0.3159739683678269j),(1.0521925122485383+0j),(0.9503964230487892+0j),(0.9999999999999891+2.2201147212753376e-07j),(0.9999999999999891-2.2201147212753376e-07j)
138,-1.9379624238398128,1.2389475161074721,-0.05162980224631025,31.348226214758576,3.2522519545053523,1.0013187021362695,(0.9488073137901638+0.31585547533353553j),(0.9488073137901638-0.31585547533353553j),(1.052691294516478+0j),(0.9499461097561812+0j),(0.9999999999999826+1.684170581161556e-07j),(0.9999999999999826-1.684170581161556e-07j)
139,-1.9376907430615629,1.2386318066512405,-0.05241664433924376,31.348277591508765,3.2520448606689967,1.0013426952935711,(0.9488501078224538+0.31572689604337256j),(0.9488501078224538-0.31572689604337256j),(1.0531808416511856+0j),(0.9495045489361079+0j),(0.99999999999997+2.0526939912373537e-07j),(0.99999999999997-2.0526939912373537e-07j)
140,-1.9374107118186878,1.2383060580316416,-0.05321154430497289,31.348330339499572,3.251832641612519,1.0013663978290126,(0.9488964471636878+0.3155875988692097j),(0.9488964471636878-0.3155875988692097j),(1.0536604003632657+0j),(0.94907239529483+0j),(0.9999999999999695+2.408423551712735e-07j),(0.9999999999999695-2.408423551712735e-07j)
141,-1.9371220932892153,1.237969963235472,-0.054014436599590605,31.34838448476249,3.2516152338914157,1.0013897580824496,(0.9489465473257246+0.3154369197144418j),(0.9489465473257246-0.3154369197144418j),(1.0541291891790092+0j),(0.9486503269855293+0j),(0.9999999999999929+1.9104793377234531e-07j),(0.9999999999999929-1.9104793377234531e-07j)
142,-1.9368246450153102,1.2376232064269705,-0.054825245273908446,31.348440053163067,3.251392578068506,1.001412722013014,(0.949000634137853+0.3152741607018256j),(0.949000634137853-0.3152741607018256j),(1.0545863979201493+0j),(0.9482390461055321+0j),(1.0000000000000093+7.406296546049283e-08j),(1.0000000000000093-7.406296546049283e-08j)
143,-1.936518118856139,1.237265462751071,-0.05564388333164136,31.348497070343313,3.251164619189755,1.001435233193187,(0.9490589440695194+0.3150985888283352j),(0.9490589440695194-0.3150985888283352j),(1.0550311871514202+0j),(0.9478392792349687+0j),(0.9999999999999708+2.6428130587933296e-07j),(0.9999999999999708-2.6428130587933296e-07j)
144,-1.9362022609465843,1.2368963981349437,-0.05647025205027457,31.34855556166038,3.2509313072947394,1.001457232801283,(0.9491217245850003+0.31490943447352443j),(0.9491217245850003-0.31490943447352443j),(1.055462687433227+0j),(0.9474517781696871+0j),(1.0000001812177604+0j),(0.9999998187822383+0j)
145,-1.9358768116665626,1.236515669094091,-0.057304240266173374,31.34861555212024,3.2506925979623293,1.001478659656792,(0.9491892343754043+0.3147058902310147j),(0.9491892343754043-0.3147058902310147j),(1.0558799992353027+0j),(0.9470773200780225+0j),(1.000000000000011+5.570733473696301e-08j),(1.000000000000011-5.570733473696301e-08j)
146,-1.9355415056219498,1.2361229225438288,-0.05814572362219476,31.34867706630719,3.2504484528934485,1.0014994502193821,(0.9492617437450035+0.31448710921505935j),(0.9492617437450035-0.31448710921505935j),(1.056282191933305+0j),(0.9467167085051804+0j),(1.0000000000000075+1.1033062748555402e-07j),(1.0000000000000075-1.1033062748555402e-07j)
147,-1.9351960716354775,1.2357177956130694,-0.05899456377297619,31.348740128308087,3.250198840534006,1.0015195386386195,(0.9493395348540803+0.31425220375201096j),(0.9493395348540803-0.31425220375201096j),(1.056668303583195+0j),(0.9463707736940297+0j),(1.000000239765443+0j),(0.9999997602345998+0j)
148,-1.934840232751498,1.2352999154654065,-0.05985060754830995,31.348804761631634,3.2499437367389907,1.0015388568061794,(0.949422901977234+0.31400024395100873j),(0.949422901977234-0.31400024395100873j),(1.0570373405026963+0j),(0.9460403731095184+0j),(0.9999999999999936+1.8066974214779336e-07j),(0.9999999999999936-1.8066974214779336e-07j)
149,-1.9344737062565966,1.234868899129635,-0.060713686073264966,31.348870989122318,3.2496831254795877,1.0015573343999384,(0.9495121518223204+0.3137302560189522j),(0.9495121518223204-0.3137302560189522j),(1.0573882764510076+0j),(0.9457263923488782+0j),(0.9999999999999893+1.1825063932363654e-07j),(0.9999999999999893-1.1825063932363654e-07j)
150,-1.9340962037152636,1.2344243533378392,-0.061583613840440095,31.34893883286866,3.2494169995962237,1.0015748989814413,(0.9496076036910541+0.31344122098474164j),(0.9496076036910541-0.31344122098474164j),(1.0577200525537365+0j),(0.9454297454088999+0j),(1.0000000000000133+3.933914046934614e-08j),(1.0000000000000133-3.933914046934614e-08j)
151,-1.9337074310249824,1.2339658743766342,-0.06246018773495819,31.34900831410565,3.249145361598573,1.0015914760774127,(0.9497095897303445+0.31313207305248986j),(0.9497095897303445-0.31313207305248986j),(1.0580315766348223+0j),(0.9451513755200696+0j),(1.0000001439225532+0j),(0.999999856077467+0j)
152,-1.933307088491321,1.2334930479516333,-0.06334318600871702,31.349079453111365,3.2488682245150677,1.0016069892938726,(0.9498184550929005+0.3128016981490007j),(0.9498184550929005-0.3128016981490007j),(1.0583217228499402+0j),(0.9448922557378824+0j),(1.0000001741540203+0j),(0.9999998258460113+0j)
153,-1.9328948709244465,1.2330054490663809,-0.06423236720080573,31.349152269096887,3.248585612794313,1.0016213604436728,(0.9499345580836335+0.31244893240043764j),(0.9499345580836335-0.31244893240043764j),(1.0585893312433596+0j),(0.9446533896442993+0j),(1.000000099181622+0j),(0.9999999008183648+0j)
154,-1.9324704677619096,1.2325026419221408,-0.06512746900497744,31.349226780090063,3.248297563258987,1.0016345096938406,(0.9500582702643121+0.31207256063642896j),(0.9500582702643121-0.31207256063642896j),(1.058833207315558+0j),(0.9444358120724182+0j),(0.9999999999999798+8.14362328748355e-08j),(0.9999999999999798-8.14362328748355e-08j)
155,-1.9320335632186052,1.2319841798390003,-0.06602820708042247,31.34930300281246,3.248004126114849,1.0016463557365165,(0.9501899765009727+0.31167131494129946j),(0.9501899765009727-0.31167131494129946j),(1.059052121651051+0j),(0.9442405898218956+0j),(0.999999999999984+2.1059827317148656e-07j),(0.999999999999984-2.1059827317148656e-07j)
156,-1.931583836464621,1.2314496051984698,-0.06693427380102603,31.349380952549303,3.247705366017663,1.0016568159761763,(0.9503300749796054+0.3112438731752617j),(0.9503300749796054-0.3112438731752617j),(1.0592448094429703+0j),(0.9440688225094174+0j),(0.9999999999999931+8.274358204530228e-08j),(0.9999999999999931-8.274358204530228e-08j)
157,-1.9311209618393232,1.2308984494192372,-0.06784533694806248,31.34946064301236,3.2474013631966265,1.0016658067494504,(0.9504789771265951+0.3107888576516112j),(0.9504789771265951-0.3107888576516112j),(1.05940997018635+0j),(0.9439216433125729+0j),(1.000000084525247+0j),(0.9999999154747499+0j)
158,-1.930644609098611,1.230330232960565,-0.06876103833654508,31.349542086195676,3.2470922146391112,1.0016732435575182,(0.9506371075083461+0.310304833716912j),(0.9506371075083461-0.310304833716912j),(1.059546267143981+0j),(0.9438002199711064+0j),(1.0000000471389403+0j),(0.9999999528610649+0j)
159,-1.930154443704537,1.2297444653664222,-0.06968099238110013,31.3496252922235,3.2467780353343465,1.0016790413309362,(0.9508049036290727+0.30979030849080025j),(0.9508049036290727-0.30979030849080025j),(1.0596523269171751+0j),(0.9437057557447848+0j),(1.000000127323445+0j),(0.9999998726765599+0j)
160,-1.929650127155956,1.229140645347428,-0.07060478459317365,31.349710269191128,3.2464589595798867,1.0016831147230683,(0.95098281563495+0.30924372971342956j),(0.95098281563495-0.30924372971342956j),(1.0597267390180292+0j),(0.9436394904279969+0j),(0.9999999999999897+1.7478428108729357e-07j),(0.9999999999999897-1.7478428108729357e-07j)
161,-1.9291313173671938,1.228518260910482,-0.07153197001224579,31.34979702299784,3.246135142349356,1.0016853784219815,(0.9511713059650784+0.308663484572677j),(0.9511713059650784-0.308663484572677j),(1.0597680552231423+0j),(0.9436027016209636+0j),(0.9999999999999755+1.7757808700275265e-07j),(0.9999999999999755-1.7757808700275265e-07j)
162,-1.9285976690990654,1.2278767895419813,-0.0724620715705426,31.349885557172016,3.245806760721188,1.0016857475039451,(0.9513708488493074+0.3080478988076854j),(0.9513708488493074-0.3080478988076854j),(1.0597747890911386+0j),(0.9435967059165906+0j),(0.9999999999999996+1.1398983143174943e-07j),(0.9999999999999996-1.1398983143174943e-07j)
163,-1.928048834445055,1.2272156984482718,-0.07339457838822075,31.349975872688887,3.245474015368817,1.0016841378074621,(0.9515819297222285+0.30739523585469336j),(0.9515819297222285-0.30739523585469336j),(1.0597454152225931+0j),(0.9436228603923126+0j),(0.9999999999999913+1.4912755309818883e-07j),(0.9999999999999913-1.4912755309818883e-07j)
164,-1.9274844633781412,1.2265344448612288,-0.07432894399969506,31.350067967780358,3.245137132110579,1.001680466339403,(0.9518050445156797+0.3067036961543163j),(0.9518050445156797-0.3067036961543163j),(1.059678368421239+0j),(0.9436825642573141+0j),(1.0000000000000127+7.143001890412356e-08j),(1.0000000000000127-7.143001890412356e-08j)
165,-1.9269042043646067,1.2258324764183472,-0.07526458451364747,31.350161837737545,3.244796363516295,1.0016746517174508,(0.9520406987843572+0.3059714167336816j),(0.9520406987843572-0.3059714167336816j),(1.0595720427923203+0j),(0.943777260642737+0j),(0.9999999999999812+1.3566058111511617e-07j),(0.9999999999999812-1.3566058111511617e-07j)
166,-1.9263077050480322,1.2251092316220478,-0.07620087670432728,31.350257474705717,3.2444519905691225,1.0016666146386268,(0.9522894067107865+0.3051964709270773j),(0.9522894067107865-0.3051964709270773j),(1.059424790524014+0j),(0.9439084387533133+0j),(0.9999999999999778+2.152164374381632e-07j),(0.9999999999999778-2.152164374381632e-07j)
167,-1.9256946130109875,1.2243641403898557,-0.07713715603892465,31.350354867472497,3.2441043243772767,1.001656278384484,(0.9525516899254632+0.3043768684053187j),(0.9525516899254632-0.3043768684053187j),(1.0592349204928297+0j),(0.9440776362760187+0j),(0.999999999999984+2.1981044444430126e-07j),(0.999999999999984-2.1981044444430126e-07j)
168,-1.9250645766192724,1.2235966247032106,-0.07807271464205454,31.350454001249137,3.243753707931218,1.001643569359756,(0.9528280761449632+0.30351055551591516j),(0.9528280761449632-0.30351055551591516j),(1.059000696552046+0j),(0.94428644216776+0j),(0.9999999999999645+1.7515148017271245e-07j),(0.9999999999999645-1.7515148017271245e-07j)
169,-1.9244172459553408,1.2228060993658258,-0.07900679920191506,31.3505548574458,3.243400517899355,1.0016284176624897,(0.9531190976219266+0.3025954159407539j),(0.9531190976219266-0.3025954159407539j),(1.0587203353835037+0j),(0.9445364999415046+0j),(0.9999999999999925+1.4625586251155426e-07j),(0.9999999999999925-1.4625586251155426e-07j)
170,-1.9237522738462423,1.2219919728807807,-0.07993860882102317,31.350657413441297,3.243045166455161,1.0016107576880118,(0.9534252893766085+0.30162927175150456j),(0.9534252893766085-0.30162927175150456j),(1.058392003855445+0j),(0.944829511520345+0j),(0.9999999999999774+2.689602973486493e-07j),(0.9999999999999774-2.689602973486493e-07j)
171,-1.923069316994955,1.2211536484617065,-0.08086729282242121,31.350761642348004,3.2426881031236716,1.0015905287623863,(0.9537471872199248+0.3006098848506664j),(0.9537471872199248-0.3006098848506664j),(1.0580138156793737+0j),(0.9451672418455264+0j),(0.9999999999999769+1.719923443565669e-07j),(0.9999999999999769-1.719923443565669e-07j)
172,-1.9223680372183245,1.2202905251848242,-0.08179194851266562,31.350867512772876,3.242329816638784,1.0015676758184582,(0.9540853254758005+0.2995349590809023j),(0.9540853254758005-0.2995349590809023j),(1.057583827456964+0j),(0.9455515241800978+0j),(0.9999999999999469+2.7460285202253145e-07j),(0.9999999999999469-2.7460285202253145e-07j)
173,-1.9216481028007983,1.2194019992987963,-0.08271161891582823,31.350974988576134,3.241970836795221,1.0015421500853756,(0.9544402345249656+0.29840214261979126j),(0.9544402345249656-0.29840214261979126j),(1.05710003339289+0j),(0.9459842667776291+0j),(1.0000000684631576+0j),(0.999999931536878+0j)
174,-1.9209091899693724,1.2184874657040003,-0.08362529048790483,31.351084028628062,3.2416117362799244,1.0015139098288346,(0.9548124379638329+0.2972090313392346j),(0.9548124379638329-0.2972090313392346j),(1.0565603591296242+0j),(0.9464674605279102+0j),(0.9999999999999984+1.476014083294961e-07j),(0.9999999999999984-1.476014083294961e-07j)
175,-1.9201509844965565,1.2175463196158678,-0.08453189082618172,31.351194586566457,3.2412531324636102,1.001482921096672,(0.9552024495784293+0.295953172511099j),(0.9552024495784293-0.295953172511099j),(1.0559626535511124+0j),(0.9470031886420883+0j),(0.9999999999999938+1.9454066943502787e-07j),(0.9999999999999938-1.9454066943502787e-07j)
176,-1.9193731834361223,1.2165779584244651,-0.08543028638651286,31.351306610555735,3.2408956891322775,1.0014491585055492,(0.9556107699223775+0.29463206955154025j),(0.9556107699223775-0.29463206955154025j),(1.0553046788490814+0j),(0.9475936381621995+0j),(1.0000001030969172+0j),(0.999999896903067+0j)
177,-1.9185754969986397,1.2155817837671619,-0.08631928023011885,31.35142004305025,3.2405401181325475,1.0014126060458075,(0.9560378825865604+0.2932431875758239j),(0.9560378825865604-0.2932431875758239j),(1.0545840979134002+0j),(0.9482411141779301+0j),(0.9999999999999986+2.026640113304862e-07j),(0.9999999999999986-2.026640113304862e-07j)
178,-1.9177576505706666,1.214557203827278,-0.08719760981904237,31.351534820564,3.240187180903921,1.0013732578957266,(0.956484250171316+0.29178395976142096j),(0.956484250171316-0.29178395976142096j),(1.0537984582167692+0j),(0.9489480575748402+0j),(0.9999999999999716+1.549208159149166e-07j),(0.9999999999999716-1.549208159149166e-07j)
179,-1.9169193868820231,1.2135036358737379,-0.08806394488563883,31.351650873449326,3.239837689866122,1.0013311192640795,(0.9569503098363348+0.29025179500605025j),(0.9569503098363348-0.29025179500605025j),(1.0529451716785718+0j),(0.9497170668495103+0j),(0.9999999999999691+2.721032287782186e-07j),(0.9999999999999691-2.721032287782186e-07j)
180,-1.9160604683222366,1.212420509052436,-0.08891688539833614,31.351768125687652,3.2394925096292333,1.0012862072261108,(0.9574364685672514+0.2886440864761092j),(0.9574364685672514-0.2886440864761092j),(1.0520214886507244+0j),(0.9505509258013467+0j),(1.0000002345123464+0j),(0.9999997654877373+0j)
181,-1.9151806794111146,1.2113072674484253,-0.08975495966434875,31.351886494695734,3.239152557982965,1.0012385515800617,(0.9579430979845697+0.2869582217390901j),(0.9579430979845697-0.2869582217390901j),(1.0510244649506129+0j),(0.9514526382095597+0j),(1.0000001047995746+0j),(0.9999998952004375+0j)
182,-1.9142798294186472,1.2101633734227317,-0.09057662259097146,31.352005891150675,3.2388188066292876,1.001188195678406,(0.9584705289050501+0.28519159388085635j),(0.9584705289050501-0.28519159388085635j),(1.0499509187953746+0j),(0.9524254725616634+0j),(0.999999999999962+1.878296019124355e-07j),(0.999999999999962-1.878296019124355e-07j)
183,-1.9133577551349477,1.2089883112391053,-0.09138025415113948,31.352126218838304,3.238492281608225,1.0011351972659188,(0.9590190454469344+0.28334161443453343j),(0.9590190454469344-0.28334161443453343j),(1.0487973751917654+0j),(0.9534730193397055+0j),(1.0000000000000067+2.638993108079411e-07j),(1.0000000000000067-2.638993108079411e-07j)
184,-1.9124143237838598,1.2077815909855523,-0.09216415808946944,31.35224737452866,3.238174063370014,1.001079629289221,(0.9595888788319729+0.28140572777066575j),(0.9595888788319729-0.28140572777066575j),(1.04755999264654+0j),(0.9545992659317307+0j),(1.000000000000002+1.2492102917254372e-07j),(1.000000000000002-1.2492102917254372e-07j)
185,-1.9114494360738858,1.2065427527978396,-0.0929265609171984,31.35236924788383,3.237865286438729,1.001021580681737,(0.9601802008343836+0.27938142730945226j),(0.9601802008343836-0.27938142730945226j),(1.0462344659088878+0j),(0.9558086954547769+0j),(0.9999999999999342+3.0548668312507437e-07j),(0.9999999999999342-3.0548668312507437e-07j)
186,-1.9104630293736555,1.2052713713825252,-0.09366561123560448,31.352491721402707,3.23756713861614,1.0009611571009158,(0.9607931169826552+0.2772662733882675j),(0.9607931169826552-0.2772662733882675j),(1.044815894870105+0j),(0.9571064193319302+0j),(0.9999999999999427+2.625953946784058e-07j),(0.9999999999999427-2.625953946784058e-07j)
187,-1.9094550809995683,1.203967060840349,-0.09437937944379622,31.3526146704082,3.237280859664966,1.000898481627584,(0.9614276594173731+0.27505791336983265j),(0.9614276594173731-0.27505791336983265j),(1.043298605735726+0j),(0.9584983575192377+0j),(0.999999999999988+2.712732950477705e-07j),(0.999999999999988-2.712732950477705e-07j)
188,-1.908425611596893,1.202629479781588,-0.09506585788162943,31.352737963082237,3.2370077394132286,1.0008336953918686,(0.9620837796021308+0.2727541035920668j),(0.9620837796021308-0.2727541035920668j),(1.0416759018913198+0j),(0.9599914888926228+0j),(0.999999999999952+2.2657450553916618e-07j),(0.999999999999952-2.2657450553916618e-07j)
189,-1.9073746885908953,1.2012583367181893,-0.09572296145560304,31.352861460554195,3.2367491152232484,1.0007669581313394,(0.9627613408381288+0.27035273364155404j),(0.9627613408381288-0.27035273364155404j),(1.039939709980731+0j),(0.9615942062820974+0j),(0.999999999999968+1.621568901983063e-07j),(0.999999999999968-1.621568901983063e-07j)
190,-1.906302429682467,1.1998533957159891,-0.09634852880628343,31.352985017048237,3.23650636876413,1.0006984486578054,(0.9634601107062782+0.2678518528551611j),(0.9634601107062782-0.2678518528551611j),(1.038080063739687+0j),(0.9633168335758062+0j),(0.9999999999999721+3.0480041530496924e-07j),(0.9999999999999721-3.0480041530496924e-07j)
191,-1.905209006356599,1.1984144822808653,-0.09694032407104766,31.35310848009569,3.2362809220310007,1.0006283652214496,(0.964179753520298+0.2652496991543423j),(0.964179753520298-0.2652496991543423j),(1.0360843278476535+0j),(0.9651724025952982+0j),(0.9999999999999443+3.074049199599977e-07j),(0.9999999999999443-3.074049199599977e-07j)
192,-1.9040946473656133,1.1969414894410142,-0.09749603928083254,31.353231690816642,3.23607423256533,1.0005569257630882,(0.9649198228467808+0.26254473043169263j),(0.9649198228467808-0.26254473043169263j),(1.0339359864519588+0j),(0.9671778650740604+0j),(0.999999999999866+5.662060652433649e-07j),(0.999999999999866-5.662060652433649e-07j)
193,-1.9029596421496793,1.1954343839913624,-0.09801329745734375,31.35335448427721,3.235887787819446,1.0004843680267654,(0.9656797543052799+0.2597356581698j),(0.9656797543052799-0.2597356581698j),(1.0316126616824766+0j),(0.9693560743710752+0j),(0.9999999999999551+2.845160709698288e-07j),(0.9999999999999551-2.845160709698288e-07j)
194,-1.9018043441459958,1.193893212843438,-0.09848965643455986,31.353476689925756,3.2357230986364813,1.0004109495420743,(0.9664588585970202+0.2568214839910423j),(0.9664588585970202-0.2568214839910423j),(1.029082677143923+0j),(0.9717392219402247+0j),(0.9999999999999036+4.3540612448008364e-07j),(0.9999999999999036-4.3540612448008364e-07j)
195,-1.9006291739391428,1.192318109426379,-0.09892261344679416,31.353598132112044,3.235581691813401,1.000336947426658,(0.9672563151669993+0.2538015381541964j),(0.9672563151669993-0.2538015381541964j),(1.0262986189229988+0j),(0.9743752759305486+0j),(0.9999999999998883+3.426998151489458e-07j),(0.9999999999998883-3.426998151489458e-07j)
196,-1.8994346221999745,1.1907093000737976,-0.09930961051167345,31.353718630692498,3.2354651017293334,1.0002626580316867,(0.9680711663761316+0.2506755210049962j),(0.9680711663761316-0.2506755210049962j),(1.0231839375032625+0j),(0.9773413785600986+0j),(0.9999996949844481+0j),(1.0000003050156578+0j)
197,-1.898221252357113,1.1890671103207586,-0.09964804061376388,31.353838001722536,3.2353748610427617,1.000188396390345,(0.968902312542014+0.247443546593763j),(0.968902312542014-0.247443546593763j),(1.0196004615528838+0j),(0.9807763312274027+0j),(0.999999532742778+0j),(1.0000004672576586+0j)
198,-1.8969897029456337,1.1873919710334682,-0.09993525469708744,31.35395605823648,3.2353124904691675,1.0001144954657255,(0.9697485079493773+0.24410618863509181j),(0.9697485079493773-0.24410618863509181j),(1.0152473749227406+0j),(0.9849816160086402+0j),(0.9999999999999758+3.21439403485305e-07j),(0.9999999999999758-3.21439403485305e-07j)
199,-1.8957406895762148,1.1856844242863862,-0.10016856945471107,31.354072611114056,3.235279487672281,1.0000413051828005,(0.970608358021277+0.2406645286270737j),(0.970608358021277-0.2406645286270737j),(1.009130423496039+0j),(0.9909521868691785+0j),(0.9999999999999462+6.620302714127798e-07j),(0.9999999999999462-6.620302714127798e-07j)
200,-1.89447500646965,1.1839451288954028,-0.10034527587071959,31.354187470029412,3.2352773153315324,1.0,(0.9714803178099789+0.23712020603052714j),(0.9714803178099789-0.23712020603052714j),(0.99999999999902+1.0529002414005846e-06j),(0.99999999999902-1.0529002414005846e-06j),(0.9999691912339395+0.007849623154916928j),(0.9999691912339395-0.007849623154916928j)
201,-1.8931935275066087,1.182174865521612,-0.10046264848759318,31.354300444478895,3.2353073884500523,1.0,(0.9723626920257795+0.23347547013829792j),(0.9723626920257795-0.23347547013829792j),(0.9999999999998642+6.99227992820583e-07j),(0.9999999999998642-6.99227992820583e-07j),(0.9998985336347399+0.014245084590237064j),(0.9998985336347399-0.014245084590237064j)
202,-1.8918972067456865,1.1803745412528324,-0.10051795531809167,31.354411344879875,3.2353710610092463,1.0,(0.9732536367850195+0.22973323330492101j),(0.9732536367850195-0.22973323330492101j),(0.9999999999999205+3.7520016816413847e-07j),(0.9999999999999205-3.7520016816413847e-07j),(0.999829725028536+0.018453209730836636j),(0.999829725028536-0.018453209730836636j)
203,-1.8905870783716494,1.1785451935787818,-0.10050846832207928,31.35451998373205,3.235469612086348,1.000000000000016,(0.9741511632102282+0.22589712529454853j),(0.9741511632102282-0.22589712529454853j),(0.9999998216118613+0j),(1.000000178387996+0j),(0.9997631686989354+0.021762502453527833j),(0.9997631686989354-0.021762502453527833j)
204,-1.8892642560444939,1.1766879936809755,-0.10043147434690569,31.354626176830312,3.235604231574255,1.0,(0.975053143068036+0.2219715481611482j),(0.975053143068036-0.2219715481611482j),(0.9999999999999319+4.2600515775011046e-07j),(0.9999999999999319-4.2600515775011046e-07j),(0.999699276288452+0.02452258119294302j),(0.999699276288452-0.02452258119294302j)
205,-1.8879299316308007,1.1748042489678086,-0.10028428641435176,31.354729744516646,3.2357760056608473,1.0,(0.9759573165469289+0.21796173122449544j),(0.9759573165469289-0.21796173122449544j),(0.9999999999999963+2.845239773925766e-07j),(0.9999999999999963-2.845239773925766e-07j),(0.9996384651769925+0.026887523847487438j),(0.9996384651769925-0.026887523847487438j)
206,-1.8865853733120808,1.1728954047976379,-0.10006425521689655,31.354830512956436,3.2359859022439066,1.0,(0.9768613024046855+0.21387378489261819j),(0.9768613024046855-0.21387378489261819j),(0.9995811554847398+0.028939827223982532j),(0.9995811554847398-0.028939827223982532j),(0.9999999999999826+2.2717449618406842e-08j),(0.9999999999999826-2.2717449618406842e-08j)
207,-1.885231923077763,1.1709630453487283,-0.09976878068891484,31.35492831542407,3.236234756461715,1.0000000000000053,(0.97776261044848+0.20971475295945155j),(0.97776261044848-0.20971475295945155j),(0.9995277666435498+0.030728548755889342j),(0.9995277666435498-0.030728548755889342j),(1.0000001033310826+0j),(0.9999998966689817+0j)
208,-1.8838709936260236,1.169008893611179,-0.09939532349455664,31.35502299358057,3.236523256535771,1.0000000000000209,(0.9786586565310089+0.20549266166211752j),(0.9786586565310089-0.20549266166211752j),(0.9994787134640208+0.03228469191820843j),(0.9994787134640208-0.03228469191820843j),(1.000000203925546+0j),(0.9999997960744686+0j)
209,-1.8825040647098679,1.1670348104963246,-0.09894141628444651,31.355114398726435,3.2368519301167282,1.0000000000000155,(0.9795467801154528+0.2012165638449493j),(0.9795467801154528-0.2012165638449493j),(0.9994344016094088+0.033628512895852655j),(0.9994344016094088-0.033628512895852655j),(1.0000001756506753+0j),(0.9999998243493238+0j)
210,-1.8811326789809855,1.16504279307909,-0.09840467456684003,31.355202393012192,3.237221131325632,1.0000000000000515,(0.9804242644205391+0.19689657624092677j),(0.9804242644205391-0.19689657624092677j),(0.9993952223567448+0.03477340263096792j),(0.9993952223567448-0.03477340263096792j),(1.0000003212215216+0j),(0.9999996787785823+0j)
211,-1.8797584373968321,1.1630349720094424,-0.0977828070522333,31.355286850589646,3.2376310286701324,1.000000000000044,(0.9812883592529371+0.19254390666712104j),(0.9812883592529371-0.19254390666712104j),(0.9993615465130212+0.03572813108942502j),(0.9993615465130212-0.03572813108942502j),(1.0000002966136334+0j),(0.9999997033864667+0j)
212,-1.8783829942697896,1.161013608149963,-0.09707362533319328,31.355367658687275,3.2380815940052967,1.0000000000000486,(0.9821363064235233+0.18817086810891762j),(0.9821363064235233-0.18817086810891762j),(0.9993337173184644+0.036498238730345446j),(0.9993337173184644-0.036498238730345446j),(1.0000003119152772+0j),(0.9999996880848043+0j)
213,-1.8770080520453842,1.1589810885144576,-0.09627505278992564,31.355444718595788,3.2385725926829645,1.000000000000065,(0.9829653678667725+0.18379087456790574j),(0.9829653678667725-0.18379087456790574j),(0.9993120421761201+0.03708695676228363j),(0.9993120421761201-0.03708695676228363j),(1.0000003608174428+0j),(0.9999996391827092+0j)
214,-1.8756353559072168,1.1569399216012666,-0.09538513261495869,31.355517946549494,3.239103575018639,1.0000000000000608,(0.9837728563179491+0.17941841369299102j),(0.9837728563179491-0.17941841369299102j),(0.999296783037628+0.03749585857914072j),(0.999296783037628-0.03749585857914072j),(1.000000348515048+0j),(0.9999996514850605+0j)
215,-1.8742666883069135,1.1548927322261662,-0.09440203489590676,31.355587274493416,3.2396738691669436,1.0000000000000693,(0.9845561684288731+0.17506898985460986j),(0.9845561684288731-0.17506898985460986j),(0.999288145318199+0.03772535787091339j),(0.999288145318199-0.03772535787091339j),(1.0000003719034394+0j),(0.9999996280966922+0j)
216,-1.8729038635243296,1.1528422559739535,-0.09332406269576723,31.35565265072664,3.240282575480452,1.000000000000069,(0.9853128201582646+0.17075903030801481j),(0.9853128201582646-0.17075903030801481j),(0.9992862653118726+0.03777512354825925j),(0.9992862653118726-0.03777512354825925j),(1.000000371474137+0j),(0.9999996285260099+0j)
217,-1.871548722357814,1.1507913333918318,-0.09214965711951605,31.355714040415837,3.2409285623855064,1.0000000000000082,(0.9860404839501329+0.16650574768260784j),(0.9860404839501329-0.16650574768260784j),(0.9992911962131508+0.03764445737315147j),(0.9992911962131508-0.03764445737315147j),(1.0000001287614544+0j),(0.9999998712385717+0j)
218,-1.8703133051485021,1.1489110809192014,-0.09098567945416967,31.355766861060243,3.2415531065641687,1.0000000000000548,(0.986681005082567+0.16266712700870584j),(0.986681005082567-0.16266712700870584j),(0.9993016796531573+0.03736513137075727j),(0.9993016796531573-0.03736513137075727j),(1.0000003313023484+0j),(0.9999996686977559+0j)
219,-1.868976369400577,1.1468649128470694,-0.08962062595461782,31.355820639342177,3.242267531237015,1.000000000000003,(0.9873481646395716+0.158567341476418j),(0.9873481646395716-0.158567341476418j),(0.9993194777566399+0.036886059374182135j),(0.9993194777566399-0.036886059374182135j),(1.0000000768274713+0j),(0.9999999231725254+0j)
220,-1.8677609003804452,1.1449942693666455,-0.08827942448749322,31.35586647656843,3.2429520729096777,1.0,(0.9879300500886973+0.15490066536898855j),(0.9879300500886973-0.15490066536898855j),(0.9993414244742025+0.03628659986619898j),(0.9993414244742025-0.03628659986619898j),(0.9999999999999964+1.0365886467425694e-07j),(0.9999999999999964-1.0365886467425694e-07j)
221,-1.8665564633812504,1.1431307709861818,-0.08685094120159277,31.355909023550797,3.24366353541599,1.0000000000000018,(0.9884824114034727+0.15133579334047803j),(0.9884824114034727-0.15133579334047803j),(0.9993684558071073+0.03553434307391433j),(0.9993684558071073-0.03553434307391433j),(1.0000000609408117+0j),(0.9999999390591932+0j)
222,-1.8653646143870053,1.1412770342346317,-0.08533419983967469,31.355948304850006,3.2444002472871474,1.0,(0.9890042942979766+0.147886800831562j),(0.9890042942979766-0.147886800831562j),(0.9994001653415794+0.03463104842737443j),(0.9994001653415794-0.03463104842737443j),(0.999999999999996+4.86056378574326e-08j),(0.999999999999996-4.86056378574326e-08j)
223,-1.864186921932509,1.139435746792668,-0.08372833204272359,31.355984357979118,3.245160358045027,1.000000000000004,(0.9894949930799342+0.14456714242792018j),(0.9894949930799342-0.14456714242792018j),(0.9994360345726521+0.03357994636181591j),(0.9994360345726521-0.03357994636181591j),(1.0000000903180215+0j),(0.999999909681986+0j)
224,-1.8630249653486455,1.1376096647743732,-0.08203257849724906,31.356017233319957,3.245941839829574,1.0,(0.9899540630224233+0.1413893670168217j),(0.9899540630224233-0.1413893670168217j),(0.9994754348240988+0.032386033766970995j),(0.9994754348240988-0.032386033766970995j),(1+4.7471772957197645e-08j),(1-4.7471772957197645e-08j)
225,-1.8618803333772866,1.1358016102836,-0.08024628978876525,31.35604699396355,3.246742489781785,1.0000000000000027,(0.990381325288707+0.13836484567763557j),(0.990381325288707-0.13836484567763557j),(0.9995176355739569+0.03105633875132637j),(0.9995176355739569-0.03105633875132637j),(1.0000000743313417+0j),(0.9999999256686627+0j)
226,-1.8607546231691723,1.1340144692769358,-0.07836892705403237,31.35607371547843,3.2475599331278557,1.0,(0.9907768634575265+0.13550353071867025j),(0.9907768634575265-0.13550353071867025j),(0.9995618202074246+0.029600128102178463j),(0.9995618202074246-0.029600128102178463j),(0.9999999999999971+9.057767097795569e-08j),(0.9999999999999971-9.057767097795569e-08j)
227,-1.859649439688351,1.1322511897757677,-0.07640006249334347,31.356097485608498,3.2483916269245334,1.0000000000000027,(0.9911410110688359+0.1328137650147677j),(0.9911410110688359-0.1328137650147677j),(0.9996071093238634+0.0280290383216882j),(0.9996071093238634-0.0280290383216882j),(1.0000000725232376+0j),(0.9999999274767747+0j)
228,-1.8585663955272862,1.130514780446133,-0.0743393798408249,31.35611840390375,3.249234864414183,1.0000000000000016,(0.9914743307812671+0.13030215424888492j),(0.9914743307812671-0.13030215424888492j),(0.9996525911833135+0.026357104173943924j),(0.9996525911833135-0.026357104173943924j),(1.0000000551286994+0j),(0.9999999448712951+0j)
229,-1.8575071111427142,1.128808309570025,-0.07218667486931427,31.356136581285785,3.2500867799511752,1.0000000000000002,(0.9917775863651288+0.12797350969529558j),(0.9917775863651288-0.12797350969529558j),(0.9996973575235002+0.02460067805088936j),(0.9996973575235002-0.02460067805088936j),(1.0000000225643606+0j),(0.9999999774356424+0j)
230,-1.856473215509662,1.127134904414408,-0.06994185602522439,31.356152139550325,3.250944354460539,1.0,(0.992051709952132+0.1258308578252738j),(0.992051709952132-0.1258308578252738j),(0.9997405424932175+0.022778228539197035j),(0.9997405424932175-0.022778228539197035j),(0.999999999999999+5.26938365210276e-08j),(0.999999999999999-5.26938365210276e-08j)
231,-1.8554663471943118,1.1254977510054152,-0.06760494527594489,31.356165210808317,3.2518044214023574,1.0000000000000009,(0.9922977673856268+0.12387550541387514j),(0.9922977673856268-0.12387550541387514j),(0.999781361494563+0.02091002649548534j),(0.999781361494563-0.02091002649548534j),(1.000000044766704+0j),(0.9999999552332941+0j)
232,-1.8544881558393167,1.123900094303718,-0.06517607926079348,31.356175936865434,3.2526636732213463,1.0,(0.9925169249099866+0.12210714052488772j),(0.9925169249099866-0.12210714052488772j),(0.9998191466670902+0.019017727465204536j),(0.9998191466670902-0.019017727465204536j),(1.000000008527077+0j),(0.9999999914729291+0j)
233,-1.853540304055319,1.1223452387738868,-0.0626555108320628,31.356184468540413,3.2535186682731148,1.0,(0.9927104201861612+0.1205239463916958j),(0.9927104201861612-0.1205239463916958j),(0.9998533757060419+0.017123874830749237j),(0.9998533757060419-0.017123874830749237j),(1.0000000000000002+2.2297763278483842e-08j),(1.0000000000000002-2.2297763278483842e-08j)
234,-1.8526244697081689,1.1208365493316632,-0.06004361107638259,31.35619096492071,3.2543658382291314,1.0000000000000002,(0.9928795401251551+0.11912270480824724j),(0.9928795401251551-0.11912270480824724j),(0.999883691551051+0.015251339949047845j),(0.999883691551051-0.015251339949047845j),(1.0000000219195413+0j),(0.9999999780804629+0j)
235,-1.851742348595477,1.119377452654579,-0.057340871899739555,31.35619559255304,3.255201495977365,1.0,(0.9930256070612168+0.11789887073538202j),(0.9930256070612168-0.11789887073538202j),(0.9999099111376839+0.013422727317058443j),(0.9999099111376839-0.013422727317058443j),(1.000000000000003+1.2291323135575673e-08j),(1.000000000000003-1.2291323135575673e-08j)
236,-1.8508956574977002,1.117971438826519,-0.054547909270627866,31.356198524565535,3.256021844046106,1.0,(0.9931499737440517+0.11684660736277988j),(0.9931499737440517-0.11684660736277988j),(0.9999320225717203+0.011659769964107886j),(0.9999320225717203-0.011659769964107886j),(0.9999999999999996+6.66554520756108e-09j),(0.9999999999999996-6.66554520756108e-09j)
237,-1.850086137596531,1.1166220632921127,-0.0516654672062774,31.35619993971701,3.256822983596774,1.0,(0.9932540265185735+0.11595878062767771j),(0.9932540265185735-0.11595878062767771j),(0.9999501712690853+0.00998273404047966j),(0.9999501712690853-0.00998273404047966j),(1.0000000115230308+0j),(0.9999999884769653+0j)
238,-1.8493155582486591,1.1153329490863226,-0.04869442259581699,31.356200021366693,3.2576009240450556,1.0,(0.9933391949982235+0.11522692254975288j),(0.9933391949982235-0.11522692254975288j),(0.9999646365217221+0.008409857667641947j),(0.9999646365217221-0.008409857667641947j),(1.0000000000000004+4.0533694107715445e-09j),(1.0000000000000004-4.0533694107715445e-09j)
239,-1.8485857211039527,1.1141077893008622,-0.04563579095577129,31.356198956358472,3.25835159338713,1.0,(0.993406965709166+0.11464118143370462j),(0.993406965709166-0.11464118143370462j),(0.9999758008438631+0.006956847466103191j),(0.9999758008438631-0.006956847466103191j),(0.9999999878411301+0j),(1.0000000121588677+0j)
240,-1.8478984645585306,1.112950349745762,-0.0424907332163693,31.356196933809812,3.2590708493259495,1.0,(0.9934588965915527+0.11419028322535617j),(0.9934588965915527-0.11419028322535617j),(0.9999841151108604+0.00563644621557042j),(0.9999841151108604-0.00563644621557042j),(0.999999999999997+2.3803532451422754e-08j),(0.999999999999997-2.3803532451422754e-08j)
241,-1.8472556685294155,1.111864471753738,-0.03926056364617135,31.356194143796408,3.259754491310881,1.0,(0.9934966289842582+0.11386153080347985j),(0.9934966289842582-0.11386153080347985j),(0.9999900626761221+0.004458088043642844j),(0.9999900626761221-0.004458088043642844j),(1+1.9555625668410854e-08j),(1-1.9555625668410854e-08j)
242,-1.8466592595440772,1.1108540750780003,-0.03594675902352883,31.356190775920492,3.2603982736256967,1.0,(0.9935218938105992+0.11364086641262643j),(0.9935218938105992-0.11364086641262643j),(0.9999941255413245+0.0034276643438685356j),(0.9999941255413245-0.0034276643438685356j),(0.9999999999999996+2.235516327921355e-08j),(0.9999999999999996-2.235516327921355e-08j)
243,-1.8461112161251212,1.1099231608100135,-0.032550969182149635,31.356187017750642,3.2609979196799492,1.0,(0.9935365091263652+0.11351301702008591j),(0.9935365091263652-0.11351301702008591j),(0.9999967554104419+0.002547384657568819j),(0.9999967554104419-0.002547384657568819j),(0.9999999999999987+2.0566558424123174e-08j),(0.9999999999999987-2.0566558424123174e-08j)
244,-1.8456135744619744,1.1090758142525492,-0.02907502905664523,31.356183053118087,3.2615491376847032,1.0000000000000002,(0.9935423669026993+0.11346173438375247j),(0.9935423669026993-0.11346173438375247j),(0.9999983515329259+0.0018157454187607738j),(0.9999983515329259-0.0018157454187607738j),(1.0000000237895341+0j),(0.9999999762104689+0j)
245,-1.8451684343453887,1.1083162076541262,-0.025520972376353646,31.356179060254306,3.2620476379173033,1.0000000000000004,(0.9935414078301016+0.11347013231235759j),(0.9935414078301016-0.11347013231235759j),(0.9999992465106609+0.0012275903682735768j),(0.9999992465106609-0.0012275903682735768j),(1.0000000325354306+0j),(0.9999999674645735+0j)
246,-1.8447779653457042,1.1076486027098962,-0.021891047161444476,31.356175209751743,3.262489151809009,1.0,(0.9935355838878152+0.1135211149905899j),(0.9935355838878152-0.1135211149905899j),(0.999999700272276+0.0007742450241394155j),(0.999999700272276-0.0007742450241394155j),(0.9999999999999979+5.192732532652111e-08j),(0.9999999999999979-5.192732532652111e-08j)
247,-1.8444444132024465,1.1070773527071842,-0.018187733195473572,31.356171662329164,3.2628694531184914,1.0,(0.9935268093250585+0.11359788357344135j),(0.9935268093250585-0.11359788357344135j),(0.9999999015901557+0.00044364367411269814j),(0.9999999015901557-0.00044364367411269814j),(0.9999999999999964+9.423086785791063e-09j),(0.9999999999999964-9.423086785791063e-09j)
248,-1.8441701063875076,1.1066069041774167,-0.014413761662317493,31.356168566380425,3.26318438148703,1.0,(0.993516901440552+0.11368450444966649j),(0.993516901440552-0.11368450444966649j),(0.9999999756654965+0.00022061059511728308j),(0.9999999756654965-0.00022061059511728308j),(1.0000000112715532+0j),(0.9999999887284264+0j)
249,-1.8439574627884237,1.106241797884751,-0.010572137154714898,31.35616605528477,3.2634298687059573,1.0,(0.9935075130912674+0.11376652157470056j),(0.9935075130912674-0.11376652157470056j),(0.9999999962119521+8.704073708756666e-05j),(0.9999999962119521-8.704073708756666e-05j),(0.9999999999999988+5.373921466702028e-08j),(0.9999999999999988-5.373921466702028e-08j)
250,-1.8438089964483508,1.1059866689580606,-0.0066661622776245395,31.356164244454405,3.2636019680639956,1.0000000000000004,(0.9935000592254002+0.11383159631287897j),(0.9935000592254002-0.11383159631287897j),(0.9999999997637221+2.173846883103581e-05j),(0.9999999997637221-2.173846883103581e-05j),(1.0000000250583259+0j),(0.9999999749416693+0j)
251,-1.8437273242720706,1.1058462459247167,-0.0026994650911515003,31.356163228094257,3.2636968871809566,1.0,(0.9934956399700361+0.1138701600970821j),(0.9934956399700361-0.1138701600970821j),(0.9999999999942542+3.3897897278600385e-06j),(0.9999999999942542-3.3897897278600385e-06j),(0.9999999999999973+2.188451925268799e-08j),(0.9999999999999973-2.188451925268799e-08j)
252,-1.8437151725861236,1.1058253483649385,0.0013239703468711237,31.35616307564737,3.2637110247744183,1.0,(0.9934949629831104+0.11387606652492892j),(0.9934949629831104-0.11387606652492892j),(0.9999999999991918+1.2725625815935598e-06j),(0.9999999999991918-1.2725625815935598e-06j),(1+2.8301561421532974e-09j),(1-2.8301561421532974e-09j)