Index,Initial x,Initial vy,Period,Jacobi Constant,Stability Index,Eig1,Eig2,Eig3,Eig4,Eig5,Eig6
0,1.1588652869943052,-0.39215248204639375,26.91646972152386,3.018450672906423,1921287.4508762232,(3842574.901752186+0j),(0.9999999981688414+5.9531145562428305e-05j),(0.9999999981688414-5.9531145562428305e-05j),(2.6187265050510256e-07+0j),(-0.5068530756873866+0j),(-1.97295833441243+0j)
1,1.1583620262645156,-0.3949746295569676,27.060942688881234,3.01620790909381,1658034.031671333,(3306098.792769678+0j),(0.9999999984355326+6.697711656823497e-05j),(0.9999999984355326-6.697711656823497e-05j),(3.01561964621459e-07+0j),(-0.506173255874135+0j),(-1.9756081310006064+0j)
2,1.1579142780328011,-0.39755798053172253,27.19854480253917,3.014144538953249,1445278.4665171662,(2877263.3717531026+0j),(0.9999999991897852+6.15933867610354e-05j),(0.9999999991897852-6.15933867610354e-05j),(3.4595409229680174e-07+0j),(-1.9706601220024158+0j),(-0.5074441750939229+0j)
3,1.1575174643715043,-0.39992858632473544,27.32960172778024,3.0122422540436165,1266382.4336349727,(2530641.5809221417+0j),(1.0000000007250454+1.647477782240186e-05j),(1.0000000007250454-1.647477782240186e-05j),(3.9482543876173193e-07+0j),(-1.9587297646518387+0j),(-0.5105349487440676+0j)
4,1.1571671640206076,-0.40210902121723263,27.454423908464985,3.0104849695351965,1123829.6718099513,(2247525.315693495+0j),(4.4490727780379605e-07+0j),(0.9999999996496476+2.7167142820712335e-05j),(0.9999999996496476-2.7167142820712335e-05j),(-1.9404460526058316+0j),(-0.5153454272315834+0j)
5,1.1568591682723413,-0.4041189046364942,27.57330723369512,3.0088585455162997,1009141.2588062484,(2014000.6589847114+0j),(4.954707734292737e-07+0j),(1.0000748755854145+0j),(0.9999251298785252+0j),(-1.9164262326882875+0j),(-0.5218045875928349+0j)
6,1.1565895137781512,-0.4059753450175276,27.686533684976403,3.007350533171236,910908.9119521239,(1819607.7985193082+0j),(5.48902303446154e-07+0j),(0.9999999971632249+7.846579578893411e-05j),(0.9999999971632249-7.846579578893411e-05j),(-1.8872557428766858+0j),(-0.5298698937726989+0j)
7,1.1563544993284074,-0.4076933136281882,27.794371962339497,3.0059499497843607,828986.2509944984,(1656400.71040677+0j),(6.031463120170616e-07+0j),(1.0000429162873583+0j),(0.9999570862233564+0j),(-1.8534725622331027+0j),(-0.5395278141021859+0j)
8,1.1561506914973378,-0.40928595809396334,27.89707808832529,3.0046470824447695,759140.7373113941,(1518281.4746221295+0j),(6.59345947893925e-07+0j),(1.0000320963484843+0j),(0.9999679045270217+0j),(-1.8155547715745126+0j),(-0.5507958314762215+0j)
9,1.1559749225927183,-0.41076486505905874,27.99489598919822,3.003433318396421,700457.9286121472,(1400524.5939563166+0j),(7.138187456753186e-07+0j),(0.9999999980362009+6.445152514967789e-05j),(0.9999999980362009-6.445152514967789e-05j),(-0.5637265020906215+0j),(-1.77390985928711+0j)
10,1.1558242833598857,-0.41214028042732154,28.0880580531425,3.002300999201666,649731.3887714054,(1299433.7952815595+0j),(7.6954878376087e-07+0j),(0.9999999996747839+2.4964575362955684e-05j),(0.9999999996747839-2.4964575362955684e-05j),(-1.728864003852269+0j),(-0.5784144951666422+0j)
11,1.1556961122025278,-0.4134212944227898,28.176785665506042,3.001243295721891,606046.0167692763,(1212092.0335377278+0j),(8.254532448106306e-07+0j),(0.9999999997757629+1.5303999465157784e-05j),(0.9999999997757629-1.5303999465157784e-05j),(-1.6806489696225775+0j),(-0.5950082486437162+0j)
12,1.1555879821980641,-0.41461599753537626,28.261289721390018,3.000254101054478,568274.6105525409,(1136177.6563450247+0j),(8.79856306644125e-07+0j),(0.9999999993007127+3.913270501333934e-05j),(0.9999999993007127-3.913270501333934e-05j),(-1.6293830101383027+0j),(-0.6137292421596456+0j)
13,1.1554976868374098,-0.415731612368633,28.341771116051124,2.99932793883281,534913.9808579802,(1069827.9617150256+0j),(9.347613974564402e-07+0j),(1.0000573443233223+0j),(0.999942659133772+0j),(-1.5750394486207968+0j),(-0.6349047326247302+0j)
14,1.1554232251647942,-0.4167746055074863,28.418421213701475,2.998459884610166,505768.5091457207,(1011537.0182904528+0j),(9.886973640053572e-07+0j),(1.0000463234661818+0j),(0.9999536785922136+0j),(-1.5173902692751267+0j),(-0.6590262375134989+0j)
15,1.1553627868053453,-0.417750782777801,28.491422295370757,2.9976454983581498,480039.23997647705,(960078.4799519125+0j),(1.0419305115291033e-06+0j),(1.0000283743970335+0j),(0.9999716263615692+0j),(-1.4558958951505485+0j),(-0.6868622978681963+0j)
16,1.155314737227869,-0.41866537065591375,28.560947986544846,2.9968807663979935,457223.3946701946,(914446.7893392956+0j),(1.093704983573369e-06+0j),(0.9999999994943881+2.7224577244471087e-05j),(0.9999999994943881-2.7224577244471087e-05j),(-1.3894649763994917+0j),(-0.7197014800554906+0j)
17,1.1552776034848626,-0.41952308608752925,28.627163665323607,2.9961620513380054,436945.9560201634,(873812.03090882+0j),(1.1443062765812201e-06+0j),(0.9999999988184348+5.064646745432599e-05j),(0.9999999988184348-5.064646745432599e-05j),(-1.3158372252789579+0j),(-0.7599724196797855+0j)
18,1.1552500605923297,-0.42032819657095183,28.690226851852735,2.995486048811693,418742.49806070514,(837484.9961202162+0j),(1.000019384176132+0j),(0.9999806164056374+0j),(1.1944504913327557e-06+0j),(-1.2294744066503105+0j),(-0.8133556864550563+0j)
19,1.1552309186521694,-0.4210845720322006,28.750287579785176,2.9948497500002955,402475.8445129438,(804889.9509565304+0j),(0.9999999996363509+2.7817726410487414e-05j),(0.9999999996363509-2.7817726410487414e-05j),(1.2423105804171843e-06+0j),(-1.107024512877696+0j),(-0.9033223640192904+0j)
20,1.1552191107753051,-0.42179572975441054,28.807488750519973,2.9942504090835897,387771.62916342966,(775543.2583255699+0j),(1.2896353858788651e-06+0j),(1.0000355851751108+0j),(0.999964416084945+0j),(-0.9892292086851302+0.1463747679218477j),(-0.9892292086851302-0.1463747679218477j)
21,1.1552136818304712,-0.4224648734090807,28.8619664709526,2.993685514897424,374518.24065043585,(749036.4812995367+0j),(1.335213636951607e-06+0j),(0.9999999998693672+1.7666937693123852e-05j),(0.9999999998693672-1.7666937693123852e-05j),(-0.9736224521494165+0.22816511712033757j),(-0.9736224521494165-0.22816511712033757j)
22,1.1552137780193041,-0.42309492706080315,28.91385037545328,2.9931527661902373,362511.4715933197,(725022.94318526+0j),(1.379488235376738e-06+0j),(1.0000222899548261+0j),(0.9999777104628271+0j),(-0.9583852620262214+0.2854780018336129j),(-0.9583852620262214-0.2854780018336129j)
23,1.155218637260999,-0.4236885648750322,28.963263932768793,2.992650049964828,351620.6770110336,(703206.9695615532+0j),(0.9999999999037061+1.1380118684301395e-05j),(0.9999999999037061-1.1380118684301395e-05j),(1.4219869100170165e-06+0j),(-0.9435427441401889+0.33125079619584663j),(-0.9435427441401889-0.33125079619584663j)
24,1.1552275803575955,-0.42424823714026183,29.010324738521007,2.9921754224717514,341667.61354148405,(683335.2270815047+0j),(0.9999999999996007+1.1106981612277504e-05j),(0.9999999999996007-1.1106981612277504e-05j),(1.4636684612056868e-06+0j),(-0.929113932825459+0.3697935908443816j),(-0.929113932825459-0.3697935908443816j)
25,1.155240002903001,-0.4247761931202683,29.05514479395175,2.9917270924865043,332594.8550379187,(665189.710074334+0j),(1.0000292369847854+0j),(0.9999707638878124+0j),(1.5035664030327095e-06+0j),(-0.9151126125687834+0.4031983461244742j),(-0.9151126125687834-0.4031983461244742j)
26,1.1552553678936233,-0.4252745011715959,29.09783077153909,2.991303406558899,324291.01554915495,(648582.0310967681+0j),(1.542072239130484e-06+0j),(1.0000488359787725+0j),(0.9999511662526562+0j),(-0.9015480507931739+0.43267899430294154j),(-0.9015480507931739-0.43267899430294154j)
27,1.1552749592803053,-0.4257872924914888,29.142148716637625,2.9908668685355764,316018.7563107837,(632002.7544528369+0j),(1.5821845697966564e-06+0j),(0.9999999705804322+0.00024248391839569523j),(0.9999999705804322-0.00024248391839569523j),(-0.8872332076115741+0.4613211845463597j),(-0.8872332076115741-0.4613211845463597j)
28,1.1552970555233617,-0.42627142077634966,29.18435647565815,2.9904542332632467,308467.5413590422,(616812.786864362+0j),(0.9999999803825448+0.0001980153679454888j),(0.9999999803825448-0.0001980153679454888j),(1.6209160866599457e-06+0j),(-0.8733858360949893+0.4870289327223111j),(-0.8733858360949893-0.4870289327223111j)
29,1.1553212093308434,-0.4267287157390161,29.224554509889934,2.9900640272716874,301434.9955810698,(602866.2137446102+0j),(1.6587324210234328e-06+0j),(0.9999999876316356+0.00015734615442126773j),(0.9999999876316356-0.00015734615442126773j),(-0.8600083726703195+0.5102799221377674j),(-0.8600083726703195-0.5102799221377674j)
30,1.155347025959613,-0.42716086652234936,29.262838499875475,2.98969488528148,295023.4395806386,(590035.7561142934+0j),(1.6947805934069566e-06+0j),(0.9999999909054478+0.0001346508965744287j),(0.9999999909054478-0.0001346508965744287j),(-0.847100233461396+0.5314331514589802j),(-0.847100233461396-0.5314331514589802j)
31,1.155374157784241,-0.4275694348842411,29.299299572627838,2.9893455404607767,289104.9966196307,(578209.993237532+0j),(1.7294948336173641e-06+0j),(0.9999999944926059+0.00010465069200948609j),(0.9999999944926059-0.00010465069200948609j),(-0.8346582994459575+0.550768121050918j),(-0.8346582994459575-0.550768121050918j)
32,1.1554022993839255,-0.42795586691785775,29.334024518093262,2.9890148157401057,283645.5266666694,(567291.053331576+0j),(1.7629102314402628e-06+0j),(0.9999999961512658+8.696279352834645e-05j),(0.9999999961512658-8.696279352834645e-05j),(-0.8226773398763363+0.5685085702555174j),(-0.8226773398763363-0.5685085702555174j)
33,1.1554311831036537,-0.42832150349194775,29.367095995360735,2.9887016160522055,278656.94419640076,(557192.685193982+0j),(1.7943209757198936e-06+0j),(0.9999999978822106+6.533340569976348e-05j),(0.9999999978822106-6.533340569976348e-05j),(-0.8111503807212825+0.5848376354644889j),(-0.8111503807212825-0.5848376354644889j)
34,1.1554605750484073,-0.4286675895700766,29.39859272909839,2.98840492138272,273919.3202128192,(547838.640423813+0j),(1.8253631613529218e-06+0j),(0.9999999986550321+5.228083846970579e-05j),(0.9999999986550321-5.228083846970579e-05j),(-0.8000690246493458+0.5999079561037868j),(-0.8000690246493458-0.5999079561037868j)
35,1.1554902714718214,-0.4289952825461301,29.428589696674845,2.988123780533118,269580.65570289455,(539161.3114039344+0j),(1.8548212873451666e-06+0j),(0.9999999990499435+4.350916555755322e-05j),(0.9999999990499435-4.350916555755322e-05j),(-0.7894237278713512+0.6138486603990267j),(-0.7894237278713512-0.6138486603990267j)
36,1.1555200955234448,-0.429305659714668,29.45715830640307,2.9878573055107993,265550.28991393803,(531100.5798259932+0j),(1.8830040093821313e-06+0j),(0.9999999995681241+2.9004423270874847e-05j),(0.9999999995681241-2.9004423270874847e-05j),(-0.7792040391320025+0.6267703450230744j),(-0.7792040391320025-0.6267703450230744j)
37,1.155549894321445,-0.42959972497897253,29.48436656732457,2.9876046664726883,261806.27991749923,(523602.839750282+0j),(1.909809039566906e-06+0j),(1.0000105849040501+0j),(0.9999894150166814+0j),(-0.769398805339234+0.6387687205417384j),(-0.769398805339234-0.6387687205417384j)
38,1.1555795363202337,-0.42987841488621625,29.510279250932545,2.9873650871582758,258323.1192857985,(516620.1658239347+0j),(1.9355603996431036e-06+0j),(0.9999999994828372+2.8562485945976196e-05j),(0.9999999994828372-2.8562485945976196e-05j),(-0.7599963479520315+0.6499273429388497j),(-0.7599963479520315-0.6499273429388497j)
39,1.1556089089449983,-0.43014260406732624,29.534958045214257,2.9871378407566134,255054.8013456227,(510109.602689285+0j),(1.9604702778742144e-06+0j),(0.9999999995054595+3.157927822531631e-05j),(0.9999999995054595-3.157927822531631e-05j),(-0.750984613744418+0.6603197028100296j),(-0.750984613744418-0.6603197028100296j)
40,1.1556379164675796,-0.4303931101495576,29.558461701375467,2.9869222461585627,252017.70934951724,(504032.55575660424+0j),(1.9839875590192364e-06+0j),(1.000030421156798+0j),(0.9999695797803781+0j),(-0.7423513033077025+0.6700108525071303j),(-0.7423513033077025-0.6700108525071303j)
41,1.155666478100265,-0.43063069820067934,29.580846173592807,2.9867176645522195,249177.13368934012,(498354.26737667364+0j),(2.0066615882437543e-06+0j),(0.9999999997749324+2.561232047962465e-05j),(0.9999999997749324-2.561232047962465e-05j),(-0.7340839800397851+0.6790586942591357j),(-0.7340839800397851-0.6790586942591357j)
42,1.1556945262862344,-0.4308560847567483,29.602164752123986,2.9865234963242764,246521.68259390368,(493043.3651857791+0j),(2.0282226859265057e-06+0j),(0.999999999954698+1.2107676083932133e-05j),(0.999999999954698-1.2107676083932133e-05j),(-0.7261701621103591+0.6875150148619226j),(-0.7261701621103591-0.6875150148619226j)
43,1.1557220051674442,-0.4310699414789489,29.62246819009034,2.986339178234771,244044.24519391183,(488071.47111342766+0j),(2.048808811716951e-06+0j),(1.0000435236075558+0j),(0.9999564780823298+0j),(-0.7185973998660058+0.6954263274465468j),(-0.7185973998660058-0.6954263274465468j)
44,1.1557488692122675,-0.43127289847913497,29.64180482423144,2.9861641808368327,241715.18600038692,(483412.8623331858+0j),(2.068550215133521e-06+0j),(1.0000040473540877+0j),(0.9999959527364175+0j),(-0.7113533403742298+0.7028345645586872j),(-0.7113533403742298-0.7028345645586872j)
45,1.1557750819870796,-0.4314655473493268,29.660220689917573,2.985998006116118,239522.088206013,(479044.1764099385+0j),(2.087519535805123e-06+0j),(1.0000347002282222+0j),(0.9999653009130594+0j),(-0.7044257808750698+0.7097776547895336j),(-0.7044257808750698-0.7097776547895336j)
46,1.1558006150574598,-0.4316484439260326,29.677759630692393,2.9858401853277576,237491.95838531622,(474944.1538264507+0j),(2.1053344433287997e-06+0j),(1.0000197727204716+0j),(0.9999802277973063+0j),(-0.6978027128382691+0.7162900068795643j),(-0.6978027128382691-0.7162900068795643j)
47,1.1558254470059286,-0.43182211081658406,29.6944634026052,2.9856902770112463,235554.000905229,(471093.4131171816+0j),(2.122655518822705e-06+0j),(0.9999999999544084+7.752874533231334e-06j),(0.9999999999544084-7.752874533231334e-06j),(-0.6914723576194892+0.7224029198779047j),(-0.6914723576194892-0.7224029198779047j)
48,1.1558495625545124,-0.43198703971165864,29.710371773580164,2.985547865165835,233737.12678001355,(467474.253557888+0j),(2.139321464314485e-06+0j),(1.0000130398974003+0j),(0.9999869604655773+0j),(-0.6854231951207628+0.7281449330939701j),(-0.6854231951207628-0.7281449330939701j)
49,1.1558729517815847,-0.43214369350530046,29.725522618058196,2.985412557571015,232035.2408851087,(464070.4817680626+0j),(2.154993174515349e-06+0j),(0.999999999364976+3.6390154978423766e-05j),(0.999999999364976-3.6390154978423766e-05j),(-0.6796439863517969+0.7335421268174163j),(-0.6796439863517969-0.7335421268174163j)
50,1.1558956094233415,-0.43229250824139387,29.73995200713588,2.9852839842383445,230439.75300153764,(460867.25914533867+0j),(2.1697645197485418e-06+0j),(1.0000293633050008+0j),(0.9999706377398735+0j),(-0.6741237906730428+0.7386183824198963j),(-0.6741237906730428-0.7386183824198963j)
51,1.1559175342513472,-0.4324338949032702,29.753694294415514,2.985161795982523,228925.48342795236,(457850.9668537206+0j),(2.1841472594893856e-06+0j),(1.00004296188999+0j),(0.9999570399538668+0j),(-0.6688519787452464+0.7433956083597407j),(-0.6688519787452464-0.7433956083597407j)
52,1.1559387285183802,-0.43256824106162706,29.766782197769924,2.985045663100586,227505.92829307934,(455009.08669674426+0j),(2.1977449280279915e-06+0j),(1.0000236683662989+0j),(0.9999763322437493+0j),(-0.6638182414725622+0.747893937860343j),(-0.6638182414725622-0.747893937860343j)
53,1.1559591974655192,-0.43269591239379473,29.779246877216206,2.9849352741497426,226165.04765785442,(452330.09531349805+0j),(2.2107749802959715e-06+0j),(0.9999999997925386+2.0190357601969078e-05j),(0.9999999997925386-2.0190357601969078e-05j),(-0.6590125958127065+0.7521319023683104j),(-0.6590125958127065-0.7521319023683104j)
54,1.155978948884277,-0.43281725408652233,29.791118009083473,2.9848303348148715,224901.68509037103,(449803.3701785189+0j),(2.223212824123432e-06+0j),(0.9999999997099629+2.5443954242100292e-05j),(0.9999999997099629-2.5443954242100292e-05j),(-0.654425387835857+0.7561265844789891j),(-0.654425387835857-0.7561265844789891j)
55,1.1559979927279649,-0.4329325921326264,29.802423856650698,2.9847305668580892,223709.5529621169,(447419.10592199874+0j),(2.235130280384577e-06+0j),(1.000019814023496+0j),(0.9999801862453018+0j),(-0.6500472934500282+0.7598937532828303j),(-0.6500472934500282-0.7598937532828303j)
56,1.1560163407673327,-0.43304223453128077,29.813191337422523,2.9846357071431218,222584.9787464624,(445168.23968450516+0j),(2.2463330761059707e-06+0j),(0.9999999998793058+1.8009984099676318e-05j),(0.9999999998793058-1.8009984099676318e-05j),(-0.6458693171977478+0.7634479845428193j),(-0.6458693171977478-0.7634479845428193j)
57,1.1560340062857564,-0.43314647240022836,29.82344608720292,2.9845455067283657,221521.19222569274,(443042.38444912835+0j),(2.257143238066804e-06+0j),(0.9999999998583315+1.745467326889649e-05j),(0.9999999998583315-1.745467326889649e-05j),(-0.6418827893911422+0.7668027677854478j),(-0.6418827893911422-0.7668027677854478j)
58,1.1560510038098948,-0.4332455810076913,29.833212521119012,2.9844597300228157,220518.58067588185,(441033.7692588868+0j),(2.2673826326565668e-06+0j),(0.9999999998835645+1.3942498232747353e-05j),(0.9999999998835645-1.3942498232747353e-05j),(-0.6380793619562508+0.769970601935865j),(-0.6380793619562508-0.769970601935865j)
59,1.1560673488721485,-0.4333398207309152,29.842513891740094,2.984378153999676,219567.5928287344,(439135.1856551916+0j),(2.277244180993986e-06+0j),(1.0000234021759224+0j),(0.9999765983213676+0j),(-0.63445100314955+0.7729630810087252j),(-0.63445100314955-0.7729630810087252j)
60,1.1560830578014605,-0.4334294379473486,29.85137234443014,2.9843005674631415,218669.96975083876,(437339.93949939095+0j),(2.2865830093042533e-06+0j),(1.0000315127262607+0j),(0.9999684882221712+0j),(-0.6309899913865735+0.7757909710546657j),(-0.6309899913865735-0.7757909710546657j)
61,1.156098147539563,-0.4335146658642569,29.859808970065245,2.9842267703639758,217821.20514182936,(435641.80763964565+0j),(2.2954606264209715e-06+0j),(0.999999999839713+2.3727575642294758e-05j),(0.999999999839713-2.3727575642294758e-05j),(-0.6276889083490831+0.778464279421674j),(-0.6276889083490831-0.778464279421674j)
62,1.1561126354799074,-0.4335957252916774,29.86784385524155,2.984156573160157,217017.49943308264,(434034.9988638613+0j),(2.3040313238474545e-06+0j),(0.9999999999452713+1.7618342341888137e-05j),(0.9999999999452713-1.7618342341888137e-05j),(-0.6245406315093158+0.7809923172438503j),(-0.6245406315093158-0.7809923172438503j)
63,1.1561265393268627,-0.4336728253633136,29.87549613009293,2.9840897962191044,216257.05926475677,(432514.11852720147+0j),(2.312073395266915e-06+0j),(0.9999999997506737+2.369233129149239e-05j),(0.9999999997506737-2.369233129149239e-05j),(-0.6215383262868539+0.7833837558671432j),(-0.6215383262868539-0.7833837558671432j)
64,1.1561398769730185,-0.4337461642095264,29.8827840138322,2.9840262692582846,215537.06834590278,(431074.13668948575+0j),(2.319794493288434e-06+0j),(0.9999999994359194+3.448368817155328e-05j),(0.9999999994359194-3.448368817155328e-05j),(-0.6186754378043503+0.7856466780032652j),(-0.6186754378043503-0.7856466780032652j)
65,1.1561526663926125,-0.4338159295861674,29.889724858124314,2.9839658308213526,214860.9396483063,(429710.35917255795+0j),(2.3270865370929186e-06+0j),(1.0000294736326583+0j),(0.9999705273072755+0j),(-0.6159456824701539+0.787788624090467j),(-0.6159456824701539-0.787788624090467j)
66,1.1561649255493611,-0.4338822994626311,29.89633518839456,2.9839083277871885,214219.8721888565,(428418.4012431111+0j),(2.334050500982109e-06+0j),(0.99999999969942+2.4324196195693382e-05j),(0.99999999969942-2.4324196195693382e-05j),(-0.6133430394540644+0.7898166343862543j),(-0.6133430394540644-0.7898166343862543j)
67,1.156176672317012,-0.43394544257219725,29.902630743170082,2.9838536149094894,213598.11489184707,(427194.1639209036+0j),(2.3408446289701994e-06+0j),(1.0000130997844383+0j),(0.9999869003786056+0j),(-0.6108617419458109+0.7917372873794108j),(-0.6108617419458109-0.7917372873794108j)
68,1.1561879244113862,-0.4340055189276244,29.908626511548377,2.9838015543845753,213019.12198101947,(426033.8121165987+0j),(2.3472071209048825e-06+0j),(1.0000161200776734+0j),(0.9999838801752906+0j),(-0.608496268604117+0.7935567346414741j),(-0.608496268604117-0.7935567346414741j)
69,1.1561986993324338,-0.43406268030436196,29.914336768881917,2.983752015445594,212469.18902464962,(424933.7549626979+0j),(2.353282385545141e-06+0j),(1.000041419849818+0j),(0.9999585818110266+0j),(-0.6062413348666202+0.7952807327598933j),(-0.6062413348666202-0.7952807327598933j)
70,1.156209014315326,-0.43411707069393596,29.91977511076373,2.983704873981103,211945.31384727647,(423890.62769219384+0j),(2.3592023410253527e-06+0j),(1.0000341952797775+0j),(0.9999658058399512+0j),(-0.604091884459194+0.7969146724276732j),(-0.604091884459194-0.7969146724276732j)
71,1.1562188862894462,-0.4341688267294764,29.9249544853949,2.9836600121764807,211450.63761210366,(422901.2752218427+0j),(2.364671852770886e-06+0j),(0.9999999998922509+1.412822179009474e-05j),(0.9999999998922509-1.412822179009474e-05j),(-0.6020430809150368+0.7984636051331977j),(-0.6020430809150368-0.7984636051331977j)
72,1.1562283318444415,-0.4342180780854832,29.92988722441095,2.9836173181765253,210981.36852613464,(421962.7370498994+0j),(2.3699465209038724e-06+0j),(1.0000200269908746+0j),(0.999979973508228+0j),(-0.6000902992949091+0.7999322675652761j),(-0.6000902992949091-0.7999322675652761j)
73,1.1562373672024968,-0.43426494785361797,29.934585072240512,2.9835766857678028,210536.11669137137,(421072.23338036786+0j),(2.374969362374246e-06+0j),(1.0000150849518976+0j),(0.9999849154562378+0j),(-0.598229118090823+0.8013251039798082j),(-0.598229118090823-0.8013251039798082j)
74,1.156246008196054,-0.4343095528960743,29.939059214066138,2.983538014079523,210113.57625875156,(420227.1525151235+0j),(2.379691426400619e-06+0j),(1.0000065455290188+0j),(0.9999934544378258+0j),(-0.5964553112311715+0.8026462867939387j),(-0.5964553112311715-0.8026462867939387j)
75,1.1562542702503746,-0.4343520041781908,29.943320302453802,2.9835012073016136,209712.51959437857,(419425.0391863729+0j),(2.3842775468777183e-06+0j),(0.9999999993981544+3.546818168347558e-05j),(0.9999999993981544-3.546818168347558e-05j),(-0.5947648403391608+0.8038997354747063j),(-0.5947648403391608-0.8038997354747063j)
76,1.1562621683703265,-0.434392407081611,29.94737848271447,2.9834661744189344,209331.79194770425,(418663.58389301994+0j),(2.3885718855828593e-06+0j),(1.0000396646947383+0j),(0.9999603369423988+0j),(-0.5931538471574584+0.8050891339487091j),(-0.5931538471574584-0.8050891339487091j)
77,1.1562697171309113,-0.43443086169936207,29.951243417058034,2.983432828960547,208970.30646330782,(417940.61292422295+0j),(2.3927351178626626e-06+0j),(1.0000273446996204+0j),(0.9999726557612761+0j),(-0.5916186462923361+0.8062179465623374j),(-0.5916186462923361-0.8062179465623374j)
78,1.1562769306709477,-0.43446746311389234,29.954924307597242,2.9834010887631845,208632.11944360673,(417254.0794680831+0j),(2.3965629134013654e-06+0j),(0.9999999999398297+6.56326963235247e-06j),(0.9999999999398297-6.56326963235247e-06j),(-0.5901557179675021+0.8072894329484551j),(-0.5901557179675021-0.8072894329484551j)
79,1.1562838226896817,-0.43450230165940334,29.958429918256265,2.9833708757478496,208301.02755794633,(416602.0551134923+0j),(2.4003724634627583e-06+0j),(1.0000440455270283+0j),(0.9999559564707093+0j),(-0.5887617012121091+0.8083066615992921j),(-0.5887617012121091-0.8083066615992921j)
80,1.1562904064457726,-0.4345354631692615,29.96176859563607,2.9833421157088966,207991.3610458106,(415982.7220892173+0j),(2.4040085385428147e-06+0j),(1.0000185041403986+0j),(0.9999814962041952+0j),(-0.5874333872079964+0.8092725224504461j),(-0.5874333872079964-0.8092725224504461j)
81,1.1562966947583906,-0.4345670292095425,29.964948288886312,2.9833147381147502,207697.18312994565,(415394.36625748395+0j),(2.4074311611035344e-06+0j),(1.0000349357950542+0j),(0.9999650651603359+0j),(-0.5861677127424825+0.8101897386033824j),(-0.5861677127424825-0.8101897386033824j)
82,1.1563027000101829,-0.43459707729962654,29.967976568631023,2.983288675919496,207417.68516978086,(414835.3703371511+0j),(2.410732681396241e-06+0j),(1.0000218170783082+0j),(0.9999781833980292+0j),(-0.5849617540994778+0.8110608770251684j),(-0.5849617540994778-0.8110608770251684j)
83,1.1563084341517524,-0.43462568112053057,29.97086064499308,2.983263865384797,207152.103933697,(414304.20786498033+0j),(2.413763330451479e-06+0j),(0.999999999373979+3.535953539807191e-05j),(0.999999999373979-3.535953539807191e-05j),(-0.5838127209961477+0.8118883585832731j),(-0.5838127209961477-0.8118883585832731j)
84,1.1563139087074377,-0.4346529107117864,29.973607384760452,2.9832402459114586,206899.71875838563,(413799.43751435465+0j),(2.416711938393568e-06+0j),(0.9999999994181104+3.320048212657671e-05j),(0.9999999994181104-3.320048212657671e-05j),(-0.5827179507991868+0.8126744673092482j),(-0.5827179507991868-0.8126744673092482j)
85,1.1563191347822737,-0.43467883265764085,29.976223327735074,2.98321775988001,206667.95371326193,(413319.6977570534+0j),(2.41933977193505e-06+0j),(0.9999999994148481+3.485688799983038e-05j),(0.9999999994148481-3.485688799983038e-05j),(-0.5816749030104148+0.8134213589572136j),(-0.5816749030104148-0.8134213589572136j)
86,1.156324769078416,-0.4347067015265076,29.97903695399062,2.9831935840825694,206416.30275730166,(412804.78432265855+0j),(2.422289292676748e-06+0j),(1.0000218506029692+0j),(0.9999781498828119+0j),(-0.5805525890683665+0.8142227528913663j),(-0.5805525890683665-0.8142227528913663j)
87,1.1563295311995778,-0.43473019378891964,29.98140969198869,2.9831732041959587,206190.44043260333,(412371.4240890154+0j),(2.4249426838310344e-06+0j),(1.0000336110348418+0j),(0.9999663902490579+0j),(-0.5796057822140188+0.8148970101945664j),(-0.5796057822140188-0.8148970101945664j)
88,1.1563346641178396,-0.43475545151385964,29.98396173456294,2.9831512920073413,205955.66958768963,(411906.19919077936+0j),(2.4277068992755366e-06+0j),(0.9999999996547498+2.9103513210128975e-05j),(0.9999999996547498-2.9103513210128975e-05j),(-0.5785870629851828+0.8156206290587299j),(-0.5785870629851828-0.8156206290587299j)
89,1.1563395631406344,-0.4347794970470173,29.986392251589653,2.9831304307416016,205736.16905877268,(411463.9774865195+0j),(2.4302970269662116e-06+0j),(0.9999999998890214+1.3377017523076686e-05j),(0.9999999998890214-1.3377017523076686e-05j),(-0.5776165050729165+0.8163082586053642j),(-0.5776165050729165-0.8163082586053642j)
90,1.1563442384241336,-0.43480238900064366,29.988707029972044,2.9831105696526343,205521.79139205732,(411043.5827816818+0j),(2.4328829931986018e-06+0j),(1.000011289079708+0j),(0.9999887110013107+0j),(-0.5766918483913999+0.8169617567541836j),(-0.5766918483913999-0.8169617567541836j)
91,1.1563486997325294,-0.4348241831117906,29.990911581049197,2.9830916604769584,205321.95134305095,(410643.90268366673+0j),(2.4352210292496324e-06+0j),(1.0000129909555224+0j),(0.9999870091758004+0j),(-0.5758109373220691+0.8175828792607223j),(-0.5758109373220691-0.8175828792607223j)
92,1.156352956448133,-0.43484493238728583,29.993011153717855,2.983073657309207,205131.94238523775,(410263.88476803806+0j),(2.4375685288713592e-06+0j),(0.9999999998197728+2.4041810325958666e-05j),(0.9999999998197728-2.4041810325958666e-05j),(-0.5749717159849314+0.8181732859347816j),(-0.5749717159849314-0.8181732859347816j)
93,1.1563570174056212,-0.43486468657933547,29.995010746957014,2.9830565170578827,204961.14847246197,(409902.343180666+0j),(2.439486720919473e-06+0j),(0.9999871095541659+0.005077492954665208j),(0.9999871095541659-0.005077492954665208j),(-0.5741723007383361+0.8187344924118088j),(-0.5741723007383361-0.8187344924118088j)
94,1.15636108565889,-0.43488443589530473,29.997010340329513,2.9830393805813054,204776.21701196118,(409541.7364806291+0j),(2.4416897982531607e-06+0j),(1.0000112559161476+0j),(0.9999887442703235+0j),(-0.573372503994688+0.8192948014376976j),(-0.573372503994688-0.8192948014376976j)
95,1.1563653646109013,-0.43490516531748985,29.999109913601806,2.983021393176612,204581.74818441056,(409163.4963663771+0j),(2.444057015214951e-06+0j),(0.999999999122235+4.098522439599836e-05j),(0.999999999122235-4.098522439599836e-05j),(-0.5725325539581803+0.8198819882508065j),(-0.5725325539581803-0.8198819882508065j)
96,1.156369865745246,-0.43492692387085446,30.00131446576009,2.9830025122329764,204390.84719171395,(408767.0003902285+0j),(2.4462934953931846e-06+0j),(0.9999999994986133+2.803797586609019e-05j),(0.9999999994986133-2.803797586609019e-05j),(-0.5716503377579072+0.8204973438965198j),(-0.5716503377579072-0.8204973438965198j)
97,1.1563746010126732,-0.4349497622690138,30.00362924577082,2.9829826936657917,204175.70073783738,(408351.4014732259+0j),(2.4489153667547017e-06+0j),(0.9999999994547213+3.254905326185645e-05j),(0.9999999994547213-3.254905326185645e-05j),(-0.570723715358316+0.8211421562236211j),(-0.570723715358316-0.8211421562236211j)
98,1.1563795830473451,-0.4349737336865805,30.006059765051003,2.9829618912461013,203966.39392238783,(407915.81671926234+0j),(2.451384222605131e-06+0j),(0.9999999993946815+3.68553834820085e-05j),(0.9999999993946815-3.68553834820085e-05j),(-0.5697504370838904+0.8218177653486752j),(-0.5697504370838904-0.8218177653486752j)
99,1.1563848252097582,-0.434998893874787,30.008611810590835,2.9829400564993933,203734.72023653294,(407459.3262566853+0j),(2.4541717750539475e-06+0j),(1.0000233454970893+0j),(0.9999766551393598+0j),(-0.5687281379865694+0.8225255649901113j),(-0.5687281379865694-0.8225255649901113j)
100,1.1563897091918272,-0.4350222773356391,30.010984551897,2.9829197629987303,203517.854601228,(407035.7091999992+0j),(2.4568638769685677e-06+0j),(0.999999999841293+1.7660862432916403e-05j),(0.999999999841293-1.7660862432916403e-05j),(-0.5677773375449107+0.8231821760524144j),(-0.5677773375449107-0.8231821760524144j)
101,1.1563955133331734,-0.43504999456057836,30.013798182763306,2.982895707603146,203275.25712560123,(406534.37574477284+0j),(2.459718940087634e-06+0j),(1.000000000036012+1.3715617724478016e-05j),(1.000000000036012-1.3715617724478016e-05j),(-0.5666494577732282+0.8239589747100767j),(-0.5666494577732282-0.8239589747100767j)
102,1.1564009219852027,-0.4350757534944896,30.016414130694397,2.9828733509995615,203039.91768317015,(406069.23418934643+0j),(2.462569950324979e-06+0j),(1.0000236267910034+0j),(0.9999763737815236+0j),(-0.5656004267493555+0.8246794269659724j),(-0.5656004267493555-0.8246794269659724j)
103,1.1564066138262774,-0.4351027890843938,30.01916087636055,2.982849885559074,202790.918763185,(405581.8375239044+0j),(2.465722668570992e-06+0j),(0.9999999996032141+3.0604483111464516e-05j),(0.9999999996032141-3.0604483111464516e-05j),(-0.5644985358628785+0.8254340694499132j),(-0.5644985358628785-0.8254340694499132j)
104,1.1564126043186596,-0.43513116402388596,30.022044959682017,2.9828252567513505,202535.5864282359,(405071.1728540031+0j),(2.4687240587264735e-06+0j),(0.9999999998658888+3.898432025233473e-06j),(0.9999999998658888-3.898432025233473e-06j),(-0.563341101774878+0.8262244265640172j),(-0.563341101774878-0.8262244265640172j)
105,1.156418909830515,-0.4351609440272982,30.025073247578344,2.982799407411376,202268.09319391177,(404536.1863853516+0j),(2.4720257707754878e-06+0j),(0.9999999999019078+8.401956391906007e-06j),(0.9999999999019078-8.401956391906007e-06j),(-0.5621253031140565+0.8270520803425301j),(-0.5621253031140565-0.8270520803425301j)
106,1.1564255476946974,-0.4351921979695252,30.028252950318613,2.982772277616854,201990.16892359327,(403975.7823856238+0j),(2.47536799769794e-06+0j),(0.9999999999572686+9.469089181258681e-06j),(0.9999999999572686-9.469089181258681e-06j),(-0.5608481731654312+0.8279186715233415j),(-0.5608481731654312-0.8279186715233415j)
107,1.1564325362718437,-0.4352249980317213,30.031591638689214,2.982743804560423,201694.411042785,(403388.822083091+0j),(2.4790412595105705e-06+0j),(1.0000238046105754+0j),(0.9999761959250955+0j),(-0.5595065922328091+0.8288259004447207j),(-0.5595065922328091-0.8288259004447207j)
108,1.1564398950181167,-0.43525941985311767,30.03509726202014,2.982713922416445,201387.17632616367,(402774.1226130432+0j),(2.4827797336672996e-06+0j),(1.0000108118615592+0j),(0.9999891880791174+0j),(-0.5580972795681063+0.8297755278017375j),(-0.5580972795681063-0.8297755278017375j)
109,1.1564476445579788,-0.43529554268913206,30.038778167112515,2.9826825622022235,201067.1176072745,(402130.4560820091+0j),(2.4867318234486007e-06+0j),(1.000028689758848+0j),(0.9999713107969391+0j),(-0.5566167848270434+0.8307693752472914j),(-0.5566167848270434-0.8307693752472914j)
110,1.1564558067624595,-0.43533344957600634,30.042643118112586,2.982649651633442,200728.27428712544,(401456.54857175995+0j),(2.4909466629201914e-06+0j),(1.000000000111486+6.594520682830226e-06j),(1.000000000111486-6.594520682830226e-06j),(-0.5550614791270811+0.8318093257407173j),(-0.5550614791270811-0.8318093257407173j)
111,1.1564644048332766,-0.4353732275020703,30.046701317379455,2.982615114973728,200380.6552336201,(400751.0793339292+0j),(2.495250848542103e-06+0j),(1.0000083242623259+0j),(0.9999916760709144+0j),(-0.553427545548971+0.8328973237005948j),(-0.553427545548971-0.8328973237005948j)
112,1.1564734633934024,-0.43541496758597054,30.05096242739617,2.982578872878041,200010.06528767574,(400012.6799894308+0j),(2.4998741902512335e-06+0j),(0.9999999998678277+2.281915905971448e-05j),(0.9999999998678277-2.281915905971448e-05j),(-0.5517109691704793+0.834035374847458j),(-0.5517109691704793-0.834035374847458j)
113,1.156483008584565,-0.435458765261945,30.055436593776527,2.982540842229823,199625.5881514241,(399239.9338909511+0j),(2.5046889260702713e-06+0j),(1.0000094866009739+0j),(0.9999905138456667+0j),(-0.5499075265045192+0.8352255457621333j),(-0.5499075265045192-0.8352255457621333j)
114,1.1564930681722714,-0.43550472047237637,30.060134469422152,2.982500935971701,199216.5575959658,(398431.37550164555+0j),(2.5098315423018575e-06+0j),(1.0000154130820582+0j),(0.9999845872349941+0j),(-0.5480127744405769+0.83646996302911j),(-0.5480127744405769-0.83646996302911j)
115,1.156503671659006,-0.4355529378678105,30.065067239887554,2.982459062929575,198794.4777076099,(397585.49004278437+0j),(2.5151604097301483e-06+0j),(1.0000174950295058+0j),(0.9999825054542391+0j),(-0.5460220384759225+0.8377708120354724j),(-0.5460220384759225-0.8377708120354724j)
116,1.1565148504063032,-0.435603527014663,30.070246650013424,2.982415127629913,198356.02081038812,(396700.71316884435+0j),(2.5207200565952848e-06+0j),(1.0000261870732767+0j),(0.9999738137224015+0j),(-0.5439304004002048+0.8391303352402651j),(-0.5439304004002048-0.8391303352402651j)
117,1.1565266377664587,-0.435656602610723,30.07568503189167,2.9823690301101466,197888.81352935906,(395775.4308601916+0j),(2.5266713720986122e-06+0j),(0.9999999989255304+4.6971858453465304e-05j),(0.9999999989255304-4.6971858453465304e-05j),(-0.5417326852688522+0.8405508299391352j),(-0.5417326852688522-0.8405508299391352j)
118,1.1565390692246567,-0.4357122847086603,30.081395334228766,2.9823206657220145,197403.9898093986,(394807.97961626435+0j),(2.5329287902910197e-06+0j),(1.0000369682562353+0j),(0.9999630330554687+0j),(-0.5394234475926668+0.8420346454791603j),(-0.5394234475926668-0.8420346454791603j)
119,1.1565521825525416,-0.43577069894778153,30.08739115317731,2.9822699249276376,196898.3232667852,(393796.64653103106+0j),(2.5394868199643467e-06+0j),(1.0000183289540456+0j),(0.999981671119993+0j),(-0.5369969570174011+0.8435841796489716j),(-0.5369969570174011-0.8435841796489716j)
120,1.1565660179740518,-0.43583197679403823,30.093686764709265,2.982216693088352,196370.46647917453,(392739.6700975582+0j),(2.546207731579981e-06+0j),(0.9999999997837422+2.2724306251781985e-05j),(0.9999999997837422-2.2724306251781985e-05j),(-0.5344471828735198+0.8452018745356216j),(-0.5344471828735198-0.8452018745356216j)
121,1.1565806183447407,-0.4358962557885846,30.10029715860788,2.9821608502460606,195817.62043016564,(391635.2408577779+0j),(2.553451923652153e-06+0j),(0.9999999994870621+3.4246519629514165e-05j),(0.9999999994870621-3.4246519629514165e-05j),(-0.5317677782009895+0.8468902113421517j),(-0.5317677782009895-0.8468902113421517j)
122,1.1565960293456832,-0.4359636798049906,30.107238074159252,2.9821022708970464,195243.5456558347,(390481.5025737629+0j),(0.9999999998590888+1.7213249872743494e-05j),(0.9999999998590888-1.7213249872743494e-05j),(2.560904117591951e-06+0j),(-0.5289520627497933+0.8486517043597512j),(-0.5289520627497933-0.8486517043597512j)
123,1.15661229969325,-0.436034399315184,30.114526037628586,2.982040823758218,194646.07250747128,(389276.5536397642+0j),(2.568764905256988e-06+0j),(1.0000394042388854+0j),(0.999960597177892+0j),(-0.5259930051349813+0.850488893842269j),(-0.5259930051349813-0.850488893842269j)
124,1.1566294813661735,-0.43610857166433,30.122178401610263,2.9819763715256724,194009.22443405105,(388018.4488655249+0j),(2.5772623078885846e-06+0j),(1.0000109819627176+0j),(0.9999890180666545+0j),(-0.5228832040324325+0.8524043377064372j),(-0.5228832040324325-0.8524043377064372j)
125,1.1566476298513924,-0.4361863613547482,30.130213386345545,2.9819087706255365,193355.3943848591,(386705.20175459876+0j),(1.0000419632006259+0j),(0.9999580384772927+0j),(2.585911821048715e-06+0j),(-0.5196148683133437+0.8544006019588681j),(-0.5196148683133437-0.8544006019588681j)
126,1.15666680441038,-0.4362679403389164,30.138650123106185,2.98183787095715,192667.39348649647,(385334.7869703978+0j),(2.59516982430437e-06+0j),(0.9999999992913019+3.813783361715139e-05j),(0.9999999992913019-3.813783361715139e-05j),(-0.5161797963109831+0.8564802495564734j),(-0.5161797963109831-0.8564802495564734j)
127,1.156687068367696,-0.43635348832173276,30.147508699747284,2.9817635156285163,191955.01360190238,(383905.1436160165+0j),(2.6047769767574185e-06+0j),(1.0000230689106981+0j),(0.9999769314849432+0j),(-0.5125693537591254+0.8586458277933482j),(-0.5125693537591254-0.8586458277933482j)
128,1.156708489423824,-0.4364431930721073,30.15681020853786,2.9816855406841087,191221.66580306872,(382414.1786148005+0j),(2.6147664696026014e-06+0j),(1.00001713948291+0j),(0.9999828606632977+0j),(-0.5087744509011016+0.8608998537055608j),(-0.5087744509011016-0.8608998537055608j)
129,1.1567311399943394,-0.4365372507439381,30.166576796382948,2.981603774825121,190429.88549283176,(380859.7709830379+0j),(2.625751520692838e-06+0j),(0.9999999990160198+4.450505188035783e-05j),(0.9999999990160198-4.450505188035783e-05j),(-0.5047855181813732+0.8632447976294669j),(-0.5047855181813732-0.8632447976294669j)
130,1.1567550975778436,-0.43663586620658773,30.17683171755691,2.9815180391222595,189619.8882745674,(379239.77654649795+0j),(2.6369462247616254e-06+0j),(1.0000267104524945+0j),(0.9999732903634027+0j),(-0.5005924808359102+0.865683064481752j),(-0.5005924808359102-0.865683064481752j)
131,1.156780445155156,-0.43673925338495195,30.187599389073355,2.9814281467212087,188776.01657776092,(377552.0331528732+0j),(2.648649304547344e-06+0j),(1.0000455873062726+0j),(0.9999544147529632+0j),(-0.4961847323424015+0.868216972530639j),(-0.4961847323424015-0.868216972530639j)
132,1.1568072716225704,-0.4368476356092096,30.198905448823695,2.9813339025409764,187899.76587421825,(375794.3667975468+0j),(2.6609932038885287e-06+0j),(1.000020669246152+0j),(0.9999793314767399+0j),(-0.49155110640490873+0.8708487295690855j),(-0.49155110640490873-0.8708487295690855j)
133,1.1568356722621378,-0.43696124597427216,30.210776816622484,2.9812351029654174,186982.8929123892,(373964.59832200606+0j),(2.67404141745657e-06+0j),(1.0000258621065723+0j),(0.9999741385307471+0j),(-0.48667984774941625+0.873580406027161j),(-0.48667984774941625-0.873580406027161j)
134,1.1568657492523917,-0.4370803277092554,30.223241758305115,2.981131535528051,186033.57837676044,(372060.55081134575+0j),(2.687686837862129e-06+0j),(1.0000205445969765+0j),(0.9999794557895447+0j),(-0.4815585816246133+0.8764139047639911j),(-0.4815585816246133-0.8764139047639911j)
135,1.1568976122229422,-0.4372051345569194,30.236329953030243,2.981022978590685,185040.3363093216,(370080.0578750121+0j),(2.702113549814504e-06+0j),(1.0000110888749856+0j),(0.9999889113794901+0j),(-0.47617428189692745+0.8793509272525504j),(-0.47617428189692745-0.8793509272525504j)
136,1.1569313788569606,-0.43733593116344627,30.250072563947324,2.980909201016068,184016.78752554333,(368020.97268706636+0j),(2.7171434015730034e-06+0j),(1.0000334498395678+0j),(0.9999665512776497+0j),(-0.47051323785075627+0.8823929357192137j),(-0.47051323785075627-0.8823929357192137j)
137,1.1569671755456725,-0.4374729934786828,30.26450231239734,2.9807899618351277,182943.71707990492,(365881.1778650552+0j),(0.999999999285874+3.9527468604551195e-05j),(0.999999999285874-3.9527468604551195e-05j),(2.7330810152138114e-06+0j),(-0.4645610196705373+0.8855411108484138j),(-0.4645610196705373-0.8855411108484138j)
138,1.1570051380995512,-0.4376166091673702,30.27965355582341,2.9806650099091296,181829.81002680186,(363658.5963515777+0j),(1.0000147939552186+0j),(0.9999852060992933+0j),(2.749824134612913e-06+0j),(-0.45830244252285124+0.8887963046601628j),(-0.45830244252285124-0.8887963046601628j)
139,1.157045412521128,-0.43776707803162784,30.29556236957666,2.9805340835874223,180675.6014686368,(361351.20293450623+0j),(2.767474097390143e-06+0j),(0.9999999991749893+4.0429967755138005e-05j),(0.9999999991749893-4.0429967755138005e-05j),(-0.45172152957946465+0.8921589879132323j),(-0.45172152957946465-0.8921589879132323j)
140,1.157088155844859,-0.4379247124454617,30.3122666328121,2.980396910361223,179478.51851523618,(358957.0370276865+0j),(0.999999999745546+2.4274037512142723e-05j),(0.999999999745546-2.4274037512142723e-05j),(2.785866524404076e-06+0j),(-0.44480147357190336+0.8956291917463591j),(-0.44480147357190336-0.8956291917463591j)
141,1.1571335370499047,-0.43808983780192334,30.32980611867884,2.9802532065141767,178238.43539822733,(356474.2160516422+0j),(1.0000224044791568+0j),(0.9999775960882371+0j),(2.805231087710207e-06+0j),(-0.43752459748800315+0.8992064426998571j),(-0.43752459748800315-0.8992064426998571j)
142,1.1571817380521832,-0.4382627929740134,30.348222589019407,2.9801026767702545,176950.856497659,(353900.94994514313+0j),(0.9999999996157606+2.967108314458251e-05j),(0.9999999996157606-2.967108314458251e-05j),(2.8256432882007947e-06+0j),(-0.4298723141187192+0.902889690689948j),(-0.4298723141187192-0.902889690689948j)
143,1.1572329547825757,-0.4384439307905064,30.36755989380332,2.9799450139397754,175619.93337388677,(351235.5565597269+0j),(0.9999999996475263+2.2261527539565226e-05j),(0.9999999996475263-2.2261527539565226e-05j),(2.8470572240770403e-06+0j),(-0.4218250847739032+0.9066772291479801j),(-0.4218250847739032-0.9066772291479801j)
144,1.1572873983586978,-0.43863361852828536,30.3878640755316,2.9797798985642654,174238.23892476573,(348476.4778466618+0j),(1.0000183713773223+0j),(0.9999816287894178+0j),(2.869660528317287e-06+0j),(-0.41336237743489795+0.9105666065265862j),(-0.41336237743489795-0.9105666065265862j)
145,1.1573452963583133,-0.4388322384231683,30.40918347886065,2.9796069985609166,172811.14849290534,(345622.29698291735+0j),(1.0000221677126686+0j),(0.9999778327068729+0j),(2.8933900038445295e-06+0j),(-0.40446262441086506+0.9145545284206107j),(-0.40446262441086506-0.9145545284206107j)
146,1.1574068942030842,-0.4390401882017183,30.431568865706147,2.979425968867371,171338.27316646924,(342671.75626752136+0j),(0.9999999999059583+8.586181320550885e-06j),(0.9999999999059583-8.586181320550885e-06j),(2.9182038009596766e-06+0j),(-0.3951031799037149+0.9186367493356363j),(-0.3951031799037149-0.9186367493356363j)
147,1.1574724566619097,-0.43925788163689927,30.455073536100823,2.979236451087755,169818.14098535408,(339623.7757466203+0j),(1.000005884651043+0j),(0.999994115421009+0j),(2.9443261897882683e-06+0j),(-0.38526027778022065+0.9228079531325458j),(-0.38526027778022065-0.9228079531325458j)
148,1.1575422694841229,-0.43948574913153665,30.47975345509361,2.9790380731405,168238.73622271843,(336477.4724424649+0j),(1.000025661330333+0j),(0.9999743390867291+0j),(2.9719702371414765e-06+0j),(-0.3749089900306952+0.9270616210339694j),(-0.3749089900306952-0.9270616210339694j)
149,1.1576166411732236,-0.4397242383338906,30.505667385991842,2.9788304489088593,166616.43132767308,(333232.18013211107+0j),(1.0000241536869325+0j),(0.9999758467880482+0j),(3.0009045087587253e-06+0j),(-0.3640231863264538+0.9313898860395179j),(-0.3640231863264538-0.9313898860395179j)
150,1.1576959049129527,-0.43997381479099956,30.532877030263343,2.9786131778946405,164944.64100150048,(329887.4694869965+0j),(0.999999999634981+3.0064536466204042e-05j),(0.999999999634981-3.0064536466204042e-05j),(3.031320065742821e-06+0j),(-0.35257549532772353+0.9357833724182009j),(-0.35257549532772353-0.9357833724182009j)
151,1.1577804206581408,-0.4402349626463783,30.561447174431134,2.9783858448757803,163221.5842366912,(326443.1684703191+0j),(0.9999999997404145+1.880120926452307e-05j),(0.9999999997404145-1.880120926452307e-05j),(3.063330241608897e-06+0j),(-0.3405372683582262+0.9402310188773243j),(-0.3405372683582262-0.9402310188773243j)
152,1.1578705774038907,-0.44050818539018655,30.591445844309764,2.9781480195680974,161449.69135496928,(322899.3827068416+0j),(0.9999999996357543+2.4905833883058002e-05j),(0.9999999996357543-2.4905833883058002e-05j),(3.0970291930629367e-06+0j),(-0.32787854632174773+0.9447198838078448j),(-0.32787854632174773-0.9447198838078448j)
153,1.1579667956473554,-0.4407940066713533,30.622944466950063,2.9778992562915865,159628.25787314048,(319256.5157431487+0j),(0.9999999994464679+3.0614369977501796e-05j),(0.9999999994464679-3.0614369977501796e-05j),(3.132383666600893e-06+0j),(-0.3145680306341885+0.9492349309327498j),(-0.3145680306341885-0.9492349309327498j)
154,1.1580695300576829,-0.4410929711833338,30.656018040677008,2.977639093641131,157763.25315702127,(315515.28886066086+0j),(0.9999999991657063+4.064337877955396e-05j),(0.9999999991657063-4.064337877955396e-05j),(3.1693058427704566e-06+0j),(-0.30057305929685457+0.953758793419436j),(-0.30057305929685457-0.953758793419436j)
155,1.1581792723704616,-0.44140564563697243,30.690745313624834,2.977367054161551,155839.0777120936,(311676.76020750054+0j),(0.9999999981130152+6.289058902391888e-05j),(0.9999999981130152-6.289058902391888e-05j),(3.2084378792903078e-06+0j),(-0.28585958921777466+0.9582715143696026j),(-0.28585958921777466-0.9582715143696026j)
156,1.1582965545243415,-0.44173261983683676,30.72720897119342,2.9770826440262694,153874.19993464966,(307742.34299177356+0j),(0.9999999976106054+6.839386130076124e-05j),(0.9999999976106054-6.839386130076124e-05j),(3.249407634402838e-06+0j),(-0.27039218605585047+0.9627502613450235j),(-0.27039218605585047-0.9627502613450235j)
157,1.1584219520585644,-0.4420745078800669,30.765495832871324,2.9767853527187125,151856.9111654911,(303713.8223276896+0j),(0.9999999967293212+8.161265008137765e-05j),(0.9999999967293212-8.161265008137765e-05j),(3.292607753563025e-06+0j),(-0.2541340231102471+0.9671690122712642j),(-0.2541340231102471-0.9671690122712642j)
158,1.1585560877914227,-0.4424319495003578,30.80569705889277,2.9764746527149124,149796.68525846885,(299593.37051359983+0j),(0.9999999957703202+9.267312828912334e-05j),(0.9999999957703202-9.267312828912334e-05j),(3.337923202333778e-06+0j),(-0.2370468907127126+0.9714982097787989j),(-0.2370468907127126-0.9714982097787989j)
159,1.1586996358008825,-0.4428056115834474,30.847908367219286,2.9761499991653686,147695.2571442144,(295383.5602830816+0j),(0.9999999937724671+0.0001106507808356522j),(0.9999999937724671-0.0001106507808356522j),(3.3853490604475825e-06+0j),(-0.21909121795784617+0.9757043805444925j),(-0.21909121795784617-0.9757043805444925j)
160,1.1588533257301306,-0.44319618988514825,30.89223026136114,2.975810829573433,145543.68787193124,(291087.37574042706+0j),(0.9999999917143136+0.00012806575655173395j),(0.9999999917143136-0.00012806575655173395j),(3.4354149055211005e-06+0j),(-0.2002261085294826+0.9797497157249461j),(-0.2002261085294826-0.9797497157249461j)
161,1.159017947442099,-0.4436044109879961,30.938768269578997,2.97545656346681,143354.8239056862,(286708.220475564+0j),(0.9999999878948136+0.00015523269179461426j),(0.9999999878948136-0.00015523269179461426j),(3.487849145104701e-06+0j),(-0.1804093927231111+0.9835916078420194j),(-0.1804093927231111-0.9835916078420194j)
162,1.159194356048734,-0.44403103453855186,30.98763319603369,2.9750866020578703,141126.5415597056,(282249.9226493288+0j),(3.542919669683424e-06+0j),(0.9999999842023823+0.0001771580350947707j),(0.9999999842023823-0.0001771580350947707j),(-0.15959769753431668+0.9871821386865341j),(-0.15959769753431668-0.9871821386865341j)
163,1.1593834773423823,-0.4444768558140962,31.03894138447952,2.974700327887488,138858.36821201735,(277716.7364204339+0j),(0.9999999772136907+0.00021280892190909278j),(0.9999999772136907-0.00021280892190909278j),(3.6008241046632155e-06+0j),(-0.1377465371828855+0.9904675115793048j),(-0.1377465371828855-0.9904675115793048j)
164,1.1595863136585138,-0.4449427086751174,31.09281499512665,2.974297104445978,136560.968718527,(273113.33964064915+0j),(3.6613682862581267e-06+0j),(0.9999999693767561+0.0002473079526371411j),(0.9999999693767561-0.0002473079526371411j),(-0.11481042585413416+0.9933874199501235j),(-0.11481042585413416-0.9933874199501235j)
165,1.159803950201148,-0.44542946896864777,31.149382295328778,2.973876275763475,134222.41355898028,(268444.8271142354+0j),(3.7251824295002865e-06+0j),(0.9999999573915836+0.00029269543985765127j),(0.9999999573915836-0.00029269543985765127j),(-0.09074301509626397+0.9958743420789627j),(-0.09074301509626397-0.9958743420789627j)
166,1.1600375618644325,-0.44593805845732903,31.208777964785043,2.9734371659606764,131859.1707517279,(263716.6998362026+0j),(0.9999999998067974+1.6090620217129137e-05j),(0.9999999998067974-1.6090620217129137e-05j),(3.7919243474435183e-06+0j),(-0.06549725675107906+0.9978527493363217j),(-0.06549725675107906-0.9978527493363217j)
167,1.1602674632509058,-0.4464256098042681,31.265986713441524,2.9730168417349745,129661.67845860985,(259323.3569133635+0j),(0.999999959124751+0.0002862139980021593j),(0.999999959124751-0.0002862139980021593j),(3.8562060327950195e-06+0j),(-0.04121278316348625+0.999150392335353j),(-0.04121278316348625-0.999150392335353j)
168,1.1605364574862942,-0.4469810452379754,31.33147042933345,2.9725388036616605,127241.68859006888,(254478.93515284255+0j),(0.9999999996784031+2.7651382557945676e-05j),(0.9999999996784031-2.7651382557945676e-05j),(3.929529744127785e-06+0j),(-0.013463003828878217+0.9999093696570054j),(-0.013463003828878217-0.9999093696570054j)
169,1.1608013867352094,-0.44751351645223325,31.39454305169119,2.972081410059871,124995.0405028912,(249990.08100178227+0j),(0.9999999999011312+7.96297715072043e-06j),(0.9999999999011312-7.96297715072043e-06j),(4.000244329854738e-06+0j),(0.013208355917910267+0.9999127658620619j),(0.013208355917910267-0.9999127658620619j)
170,1.1610856708289712,-0.44807011920305906,31.460769282174084,2.9716042860509857,122729.66050897982,(245454.6215790981+0j),(0.9999999997057084+1.927668526490807e-05j),(0.9999999997057084-1.927668526490807e-05j),(4.073994810502347e-06+0j),(0.04114404058956384+0.9991532254483935j),(0.04114404058956384-0.9991532254483935j)
171,1.1613908389599095,-0.4486519842066093,31.530306790935395,2.971106684971409,120439.3037388496,(240878.60747354775+0j),(0.9999807901160535+0j),(1.000019209871674+0j),(4.1515228661389334e-06+0j),(0.07039019449330883+0.997519533903549j),(0.07039019449330883-0.997519533903549j)
172,1.1617185452517358,-0.44926031569518615,31.603321129622934,2.970587836974854,118134.19042466335,(236268.38084509422+0j),(1.0000101573114668+0j),(0.9999898431158644+0j),(4.232539705340803e-06+0j),(0.10099262866134559+0.9948871739830766j),(0.10099262866134559-0.9948871739830766j)
173,1.1620705788426233,-0.4498964000366532,31.679986125138758,2.9700469481200353,115815.47271444235,(231630.54156006424+0j),(0.999982593286878+0j),(1.0000174068341474+0j),(4.317212443989519e-06+0j),(0.13299652492363753+0.991116503927868j),(0.13299652492363753-0.991116503927868j)
174,1.162448874759084,-0.4505616156646731,31.7604842930424,2.9694831993211994,113486.0449566217,(226971.90843253344+0j),(1.0000211170408846+0j),(0.9999788833657457+0j),(4.405828048733419e-06+0j),(0.16644611683378135+0.9860505515392772j),(0.16644611683378135-0.9860505515392772j)
175,1.1628555256478679,-0.45125744451138816,31.845007271573753,2.968895745137343,111151.14962697339,(222299.47573196114+0j),(1.0000307194641322+0j),(0.99996928049588+0j),(4.4983790243117845e-06+0j),(0.20138435079362663+0.9795122986749012j),(0.20138435079362663-0.9795122986749012j)
176,1.1632927944414326,-0.45198548515863807,31.933756277319212,2.9682837123731503,108810.18264665874,(217620.36528872233+0j),(0.9999999997363025+3.0574161940085117e-05j),(0.9999999997363025-3.0574161940085117e-05j),(4.5951593626308365e-06+0j),(0.23785253195793682+0.9713012782042233j),(0.23785253195793682-0.9713012782042233j)
177,1.1637631280427454,-0.45274746795156995,32.02694258359477,2.967646198461081,106471.45086788875,(212941.77453785855+0j),(1.0000000003165592+1.8948272574155537e-05j),(1.0000000003165592-1.8948272574155537e-05j),(4.696094548682666e-06+0j),(0.27588996047249437+0.9611892267969142j),(0.27588996047249437-0.9611892267969142j)
178,1.1642691721266736,-0.453545272348586,32.124788022671886,2.966982269590639,104135.46051502114,(208270.92102524085+0j),(0.999999999654225+2.451761815679626e-05j),(0.999999999654225-2.451761815679626e-05j),(4.8014733776713185e-06+0j),(0.31553356456277193+0.9489144163907888j),(0.31553356456277193-0.9489144163907888j)
179,1.1648137871691586,-0.45438094681570596,32.22752551302663,2.966290958546499,101807.49203021488,(203614.98405551852+0j),(0.9999999999685056+2.6265161347932567e-05j),(0.9999999999685056-2.6265161347932567e-05j),(4.911239111620157e-06+0j),(0.35681753752405176+0.9341740977543941j),(0.35681753752405176-0.9341740977543941j)
180,1.1654000658313577,-0.4552567316108157,32.33539961284882,2.9655712622126273,99491.07863886701,(198981.04410991806+0j),(0.9999999997597506+2.2419728934158114e-05j),(0.9999999997597506-2.2419728934158114e-05j),(5.025576231086302e-06+0j),(0.3997729850574712+0.9166141829680573j),(0.3997729850574712-0.9166141829680573j)
181,1.166031351844378,-0.45617508484502534,32.44866710110782,2.9648221386941045,97188.79785110056,(194376.0210320743+0j),(0.999965506606604+0j),(1.000034494192123+0j),(5.144625832076506e-06+0j),(0.4444275882222782+0.8958147793081352j),(0.4444275882222782-0.8958147793081352j)
182,1.1667112605614713,-0.4571387122546953,32.567597587532646,2.9640425040020637,94905.03721919836,(189806.6118346506+0j),(0.9999730639242782+0j),(1.0000269362929908+0j),(5.268424255069288e-06+0j),(0.4908052834618557+0.8712692888687679j),(0.4908052834618557-0.8712692888687679j)
183,1.1674437013683752,-0.4581506011690827,32.692474152928156,2.9632312282397244,92639.61467106987,(185279.2293367425+0j),(1.0000000000774794+2.1693926077633745e-05j),(1.0000000000774794-2.1693926077633745e-05j),(5.397262625542907e-06+0j),(0.5389259554915522+0.8423531412047296j),(0.5389259554915522-0.8423531412047296j)
184,1.1682329021693039,-0.45921405921569325,32.82359402131548,2.9623871312184122,90399.9713766609,(180799.94274779083+0j),(1.000027477792264+0j),(0.9999725229112946+0j),(5.5309811830728864e-06+0j),(0.588805128771882+0.8082750276557422j),(0.588805128771882-0.8082750276557422j)
185,1.1690834361953897,-0.4603327583688034,32.961269265453204,2.9615089774213144,88187.21080185317,(176374.4215980366+0j),(5.669826058447406e-06+0j),(0.9999999998983647+2.0103093106486497e-05j),(0.9999999998983647-2.0103093106486497e-05j),(0.6404536289912253+0.7679968418632495j),(0.6404536289912253-0.7679968418632495j)
186,1.1700002514141286,-0.46151078501674886,33.10582754736718,2.9605954702188044,86005.9081417097,(172007.88449585586+0j),(0.9999999998327627+1.8993703158205425e-05j),(0.9999999998327627-1.8993703158205425e-05j),(5.81355410134222e-06+0j),(0.6938771649263079+0.7200933828287798j),(0.6938771649263079-0.7200933828287798j)
187,1.1709887028520638,-0.4627526968011062,33.25761289558933,2.959645245221537,83852.52715750781,(167705.05430905276+0j),(5.962939750378732e-06+0j),(0.9999999999528246+2.8586333564578933e-05j),(0.9999999999528246-2.8586333564578933e-05j),(0.7490757520399935+0.6624843528006387j),(0.7490757520399935-0.6624843528006387j)
188,1.1720545881775106,-0.46406358706599654,33.4169865208818,2.958656862634981,81735.38471229344,(163470.1216339473+0j),(6.1173016041791265e-06+0j),(0.9999999999961773+2.4659700359489125e-05j),(0.9999999999961773-2.4659700359489125e-05j),(0.8060428605042812+0.5918571677609706j),(0.8060428605042812-0.5918571677609706j)
189,1.1732041869247691,-0.46544915784854113,33.58432767229899,2.957628798450188,79653.83567462224,(159306.71860374443+0j),(0.9999876457942237+0j),(1.0000123551198605+0j),(6.277161617955854e-06+0j),(0.8647641199316664+0.5021782720098273j),(0.8647641199316664-0.5021782720098273j)
190,1.1744443037741121,-0.46691580244148423,33.76003453551969,2.95655943426829,77608.95267626863,(155217.9053460947+0j),(6.44260728493586e-06+0j),(1.000024695293095+0j),(0.9999753051098964+0j),(0.9252153495860035+0.3794424289538707j),(0.9252153495860035-0.3794424289538707j)
191,1.1757823163309573,-0.4684706986649816,33.94452517546182,2.9554470455081785,75603.08590175695,(151206.1717969004+0j),(6.61349725098393e-06+0j),(0.999999999718005+2.6162246705691945e-05j),(0.999999999718005-2.6162246705691945e-05j),(0.9873596056706692+0.15849608540851684j),(0.9873596056706692-0.15849608540851684j)
192,1.1772262278699044,-0.47012191409374016,34.13823852527454,2.9542897876851413,73636.87032822713,(147273.45789497686+0j),(6.790076734580994e-06+0j),(1.0000000003539844+2.852952880317263e-06j),(1.0000000003539844-2.852952880317263e-06j),(1.3750275229734397+0j),(0.7272581699583082+0j)
193,1.1787847255213162,-0.4718785245942608,34.341635423885904,2.953085680369153,71710.59783016806,(143421.19565336365+0j),(6.972614587826754e-06+0j),(1.0000000000929004+4.837615170519218e-06j),(1.0000000000929004-4.837615170519218e-06j),(1.6130205107512194+0j),(0.6199549189453559+0j)
194,1.1804672443738415,-0.4737507476269043,34.55519970436939,2.9518325883314698,69825.60901470401,(139650.3770487171+0j),(7.160696585121756e-06+0j),(0.9999785328559231+0j),(1.0000214672602343+0j),(1.8158692080733885+0j),(0.5507004554920343+0j)
195,1.1822840379392652,-0.47575009184842926,34.77943933548034,2.9505281992624015,67981.89061665388,(135961.6519706457+0j),(7.35489989306887e-06+0j),(0.999999999508693+1.589950957554066e-05j),(0.999999999508693-1.589950957554066e-05j),(2.0036801326973332+0j),(0.4990816566383693+0j)
196,1.1842462553643986,-0.4778895245941618,35.01488761880228,2.949169997287634,66177.73037076076,(132355.46073396612+0j),(7.555447484419566e-06+0j),(1.000000000127221+2.0304451763543093e-05j),(1.000000000127221-2.0304451763543093e-05j),(2.18305112185222+0j),(0.45807447658464334+0j)
