Index,Initial x,Initial z,Initial vy,Period,Jacobi Constant,Stability Index,Eig1,Eig2,Eig3,Eig4,Eig5,Eig6
0,0.8642872945499279,0.13419510351716302,0.016515957346831877,19.68611065267596,3.1082062587857466,81182471.68555602,(-162364943.37111205+0j),(-1.5687170435380917+0j),(1.0000002008978708+0.0002805835283593984j),(1.0000002008978708-0.0002805835283593984j),(-0.6374629197315219+0j),(-9.095856248609512e-09+0j)
1,0.8643160118296662,0.13412281519610247,0.01618960381249061,19.689450733104202,3.1082757842885296,1751718103.24372,(-161841713.554852+0j),(-1.5267703442076777+0j),(0.9999999646000354+0.0005952613372978932j),(0.9999999646000354-0.0005952613372978932j),(2.85434054186077e-10+0j),(-0.6549768242143083+0j)
2,0.8643445287668122,0.13405175454056145,0.015867212914234645,19.69278365289085,3.1083439225267275,80651544.84752393,(-161303089.69504786+0j),(0.999999911894913+0.00032236629405936793j),(0.999999911894913-0.00032236629405936793j),(-1.4833095244005905+0j),(-2.6972427329509424e-08+0j),(-0.6741681139884574+0j)
3,0.8643832291766358,0.13395646776698864,0.015432375163671129,19.697331864988328,3.108434963573834,80271619.48945679,(-160543238.97891358+0j),(1.0011909965797456+0j),(0.9988103386326118+0j),(-1.4206124594818272+0j),(7.372794929996973e-09+0j),(-0.7039218054399686+0j)
4,0.8644265640999886,0.13385133627984405,0.014949114220366285,19.702458059265304,3.1085349670267624,169181300.26198575,(-159654985.38588086+0j),(-1.34305849002479+0j),(-0.7445686895923891+0j),(1.0000001151417788+0.0002471061339167447j),(1.0000001151417788-0.0002471061339167447j),(-2.9554093698637192e-09+0j)
5,0.8644810077063361,0.13372159001956277,0.01434741408765033,19.708946420800256,3.1086577261296413,79243504.73219252,(-158487009.46438503+0j),(0.9999997146233587+0.0007674098196545995j),(0.9999997146233587-0.0007674098196545995j),(-1.2476280926742748e-08+0j),(-1.224792375556482+0j),(-0.8164648671881438+0j)
6,0.8645391294917673,0.13358593260583523,0.013711716125800744,19.715929746193662,3.1087852761015617,78590904.170782,(-157181808.341564+0j),(0.9999997992739863+0.0004908909751221466j),(0.9999997992739863-0.0004908909751221466j),(1.4850124377653349e-08+0j),(-0.9958786373860012+0.09069676943966849j),(-0.9958786373860012-0.09069676943966849j)
7,0.8645856211371414,0.13347952946677663,0.013208137297554644,19.721555931476463,3.10888472785945,112433997.51763065,(-156098704.6210751+0j),(1.0007963824227246+0j),(0.9992042344717779+0j),(-0.9760859156894546+0.21738558671643204j),(-0.9760859156894546-0.21738558671643204j),(-4.447053480612886e-09+0j)
8,0.8646948292572657,0.13323689891874232,0.012042275670026026,19.73490375788885,3.10910947135875,192282942.43177786,(-153437735.35934144+0j),(-0.9296129353745217+0.36853701499968367j),(-0.9296129353745217-0.36853701499968367j),(2.6003346613930684e-09+0j),(0.9999998914949233+0.000562145680652869j),(0.9999998914949233-0.000562145680652869j)
9,0.8647976651275461,0.13301768585275214,0.010966031593320266,19.7476290294139,3.1093099499333388,75406261.8933121,(-150812523.7866242+0j),(0.9999997667162952+0.000834608787812684j),(0.9999997667162952-0.000834608787812684j),(-2.0727981626579913e-08+0j),(-0.8858955713047179+0.4638843137358113j),(-0.8858955713047179-0.4638843137358113j)
10,0.8648946748464663,0.1328189922468328,0.009969653467374594,19.759758922384115,3.109489398542366,74130454.19048576,(-148260908.38097152+0j),(1.000130685269404+0j),(0.9998692060665862+0j),(1.2158395171283312e-08+0j),(-0.8446977846146679+0.5352437371553772j),(-0.8446977846146679-0.5352437371553772j)
11,0.8650891628565227,0.13244376775745798,0.008026045269968769,19.78439717224245,3.109821826709162,71517070.45408174,(-143034140.9081635+0j),(0.9999998300462625+0.0007299675639813246j),(0.9999998300462625-0.0007299675639813246j),(2.910147246776987e-08+0j),(-0.7621804740268896+0.6473643949279116j),(-0.7621804740268896-0.6473643949279116j)
12,0.8652822901618402,0.1321006642679156,0.0061649388226090425,19.809214130982696,3.110117442857804,68927620.16242322,(-137855240.32484645+0j),(-0.6801553027017997+0.7330681458190205j),(-0.6801553027017997-0.7330681458190205j),(1.1399069576827007e-08+0j),(1.0006832927082328+0j),(0.9993171048430953+0j)
13,0.8654644612299753,0.1318027219135381,0.004469537267268932,19.832874699528663,3.1103665889467798,66562543.18148515,(-133125086.36297028+0j),(0.9999998054898618+0.0006687824937470781j),(0.9999998054898618-0.0006687824937470781j),(-0.6023287388030554+0.798248055931894j),(-0.6023287388030554-0.798248055931894j),(-1.1197704837552693e-08+0j)
14,0.8656202714138835,0.1315667116823359,0.0030635806019513015,19.85326173555466,3.110558132119927,221420088.0140378,(-129281903.67918658+0j),(1.0003554414874496+0j),(0.9996446043026191+0j),(2.258151030850916e-09+0j),(-0.535010359360991+0.8448455730942325j),(-0.535010359360991-0.8448455730942325j)
15,0.86578366371868,0.13133689008797225,0.0016307255681758989,19.874754772679537,3.110738905132299,62755919.00028084,(-125511838.00056167+0j),(-0.4631691971588216+0.8862698705267791j),(-0.4631691971588216-0.8862698705267791j),(-3.179068213022281e-08+0j),(1.0003510198912544+0j),(0.9996491250418316+0j)
16,0.8659387480338896,0.1311345987220827,0.0003080393413898635,19.895236463523904,3.1108925777263794,61109494.83182542,(-122218989.66365083+0j),(0.9999999665778163+0.0003112849310844837j),(0.9999999665778163-0.0003112849310844837j),(-0.3932645231347133+0.9194253402097856j),(-0.3932645231347133-0.9194253402097856j),(-2.4815390983535483e-08+0j)
17,0.8660861106002289,0.1309558762102223,-0.0009169188269884051,19.914752535409544,3.111023413799406,59685953.392272316,(-119371906.78454462+0j),(-0.32475883909290026+0.9457968796322627j),(-0.32475883909290026-0.9457968796322627j),(0.9999999405623201+0.00030064776182235533j),(0.9999999405623201-0.00030064776182235533j),(-2.8789369558765717e-08+0j)
18,0.8662359436548209,0.13078686608859486,-0.0021323126385720745,19.93463479029463,3.111142194267465,58386699.56235409,(-116773399.12470816+0j),(-0.2524721533352562+0.9676041563242327j),(-0.2524721533352562-0.9676041563242327j),(0.9999999027314712+0.0004953760655324224j),(0.9999999027314712-0.0004953760655324224j),(1.1619495094151097e-08+0j)
19,0.8663692745130205,0.13064662715118638,-0.0031897125438761008,19.952350762867425,3.111236532225252,1240390663.0395029,(-114718638.30545837+0j),(-0.185459666677127+0.9826518908109628j),(-0.185459666677127-0.9826518908109628j),(1.0004195311781021+0j),(0.9995806252879936+0j),(4.0309880983365357e-10+0j)
20,0.8665049716231289,0.13051315180612347,-0.004243817778752828,19.970397066903633,3.1113222119047506,56439140.996702306,(-112878281.9934046+0j),(-0.11423805152076899+0.9934534184791154j),(-0.11423805152076899-0.9934534184791154j),(-1.3859641897334983e-08+0j),(0.999999940016189+0.0002763622625034106j),(0.999999940016189-0.0002763622625034106j)
21,0.8666341644986963,0.130394255572251,-0.005227820905292367,19.987588983554158,3.1113946555231897,61284976.15108134,(-111360101.39376739+0j),(-0.04324616402964766+0.9990645223400016j),(-0.04324616402964766-0.9990645223400016j),(1.0004811311499857+0j),(0.9995189577642416+0j),(-8.158606422027266e-09+0j)
22,0.8667571828715411,0.130288039268293,-0.006147988257862725,20.0039663695907,3.1114558295327477,55061830.1227008,(-110123660.24540159+0j),(0.027524466883508174+0.9996211453936742j),(0.027524466883508174-0.9996211453936742j),(-1.6479906679338866e-08+0j),(0.99999991498091+0.0004079963359629075j),(0.99999991498091-0.0004079963359629075j)
23,0.8668743295570759,0.13019288898154607,-0.007009777399194897,20.019567347882084,3.1115073903794057,54566089.17266432,(-109132178.34532863+0j),(0.09800631256440537+0.9951857434183016j),(0.09800631256440537-0.9951857434183016j),(-9.779262521219683e-09+0j),(0.9999998711112003+0.0005306534261255868j),(0.9999998711112003-0.0005306534261255868j)
24,0.8669858859999533,0.13010742749777449,-0.007817979227169054,20.034428352379273,3.1115507385621264,54176326.81487645,(-108352653.62975289+0j),(0.16807846777939955+0.9857736221831574j),(0.16807846777939955-0.9857736221831574j),(-2.197512884691542e-08+0j),(0.9999999383623378+0.000302229270358593j),(0.9999999383623378-0.000302229270358593j)
25,0.8670921162069464,0.1300304750696341,-0.00857682972267388,20.048584180598887,3.1115870620305497,53877879.88005145,(-107755759.76010288+0j),(0.23758532307283192+0.9713666678069515j),(0.23758532307283192-0.9713666678069515j),(0.999775425242939+0j),(1.000224658172036+0j),(-1.2617674238110742e-08+0j)
26,0.8671932695322462,0.12996101748811528,-0.009290098626253254,20.062068050547268,3.1116173713267106,170017504.25218347,(-107315618.16589281+0j),(0.30635213924390653+0.9519183126259779j),(0.30635213924390653-0.9519183126259779j),(0.9999998978115614+0.00029057522279224586j),(0.9999998978115614-0.00029057522279224586j),(-2.940873660034206e-09+0j)
27,0.8672895826515907,0.12989817992716737,-0.009961160433712314,20.074911659986626,3.11164252825512,53504754.076634645,(-107009508.15326928+0j),(0.37419697024752985+0.9273492729936968j),(0.37419697024752985-0.9273492729936968j),(-1.1505189518530959e-08+0j),(0.9997566647857568+0j),(1.0002433745789105+0j)
28,0.8673812809673529,0.12984120539387423,-0.010593051733262719,20.087145246599317,3.1116632694263995,150800241.55985582,(-106817557.93563339+0j),(0.4409420701550608+0.8975355557458085j),(0.4409420701550608-0.8975355557458085j),(1.000310015163681+0j),(0.9996900892632647+0j),(-3.3156445561895164e-09+0j)
29,0.8674685796193059,0.12978943688249686,-0.011188517915234512,20.0987976480518,3.1116802257015155,179188702.00225556,(-106722438.68065071+0j),(0.506419799540111+0.8622869661270751j),(0.506419799540111-0.8622869661270751j),(2.7903544945244715e-09+0j),(1.0000000217250788+0.00032064938765369777j),(1.0000000217250788-0.00032064938765369777j)
30,0.8675516842251825,0.12974230252717525,-0.011750051550418498,20.109896361273,3.111693938331982,56518445.91426625,(-106709072.94534115+0j),(0.5704780820211937+0.8213127660543564j),(0.5704780820211937-0.8213127660543564j),(8.846669293746296e-09+0j),(0.9999998476921239+0.0006085708062899507j),(0.9999998476921239-0.0006085708062899507j)
31,0.8676307914397611,0.1296993031976907,-0.012279924192572927,20.120467600479284,3.111704872417234,194957704.30848154,(-106764367.59235746+0j),(0.6329824928002178+0.7741659669105502j),(0.6329824928002178-0.7741659669105502j),(1.0000000317667168+0.00043349821387509075j),(1.0000000317667168-0.00043349821387509075j),(2.564658841124073e-09+0j)
32,0.8677060893922082,0.12966000209510337,-0.012780212942150919,20.130536353635833,3.1117134281717846,53438485.42369662,(-106876970.84739323+0j),(0.6938195296809306+0.7201492109977562j),(0.6938195296809306-0.7201492109977562j),(-1.8046489618184e-08+0j),(1.0009202398417028+0j),(0.9990801600383495+0j)
33,0.8677777580464031,0.12962401599411602,-0.01325282281974996,20.14012643715054,3.1117199503917274,53518527.33417367,(-107037054.66834733+0j),(0.75289603722533+0.6581396437283988j),(0.75289603722533-0.6581396437283988j),(1.0005360266031205+0j),(0.9994639718309966+0j),(2.810589857637105e-08+0j)
34,0.8678459695118794,0.12959100784580854,-0.013699505751123683,20.14926054867909,3.1117247364357747,53618061.74776836,(-107236123.4955367+0j),(-1.960919339179309e-08+0j),(0.8101377561875269+0.5862395313524474j),(0.8101377561875269-0.5862395313524474j),(1.0003484076684432+0j),(0.9996517235165311+0j)
35,0.8679108883248017,0.12956068050957392,-0.014121876795028052,20.157960317974776,3.111728042974265,112605638.34503637,(-107466843.0618657+0j),(4.440274992873302e-09+0j),(0.8654904957145959+0.5009249542779165j),(0.8654904957145959-0.5009249542779165j),(0.9999999423239709+0.000753041310183254j),(0.9999999423239709-0.000753041310183254j)
36,0.8679726717111541,0.12953277142536634,-0.01452142810946459,20.166246355757536,3.1117300917128503,71212661.53341843,(-107722892.24062398+0j),(0.9189168011664048+0.3944527134340261j),(0.9189168011664048-0.3944527134340261j),(1.001145903545216+0j),(0.9988543854989462+0j),(7.021223322279027e-09+0j)
37,0.8680314698406947,0.12950704807242588,-0.014899541052638679,20.17413830060518,3.1117310742587168,53999416.003135726,(-107998832.00627144+0j),(-2.1728788895945077e-08+0j),(0.9703963901140287+0.24151745287591497j),(0.9703963901140287-0.24151745287591497j),(1.0000000536250218+0.0003314384204805105j),(1.0000000536250218-0.0003314384204805105j)
38,0.8680874260751467,0.12948330408715317,-0.015257496727227574,20.181654863891453,3.111731156268636,54144995.5711444,(-108289991.14228879+0j),(-1.6348387643638773e-08+0j),(0.8193179092600599+0j),(0.999998339114176+0.0010826442472714351j),(0.999998339114176-0.0010826442472714351j),(1.2205301114171079+0j)
39,0.8681406772135405,0.12946135593570388,-0.015596485221666772,20.188813872809177,3.1117304809926782,77471294.42319916,(-108592367.24116462+0j),(1.441074369847473+0j),(1.0008718055095842+0j),(0.9991284168741509+0j),(0.6939270549855279+0j),(6.454003430853641e-09+0j)
40,0.868191353735811,0.12944104005483156,-0.015917613751866302,20.195632311526936,3.111729172307989,7951835944.599494,(-108902538.98236896+0j),(1.6021279344208148+0j),(6.287856081079943e-11+0j),(1.000000361677511+0.0005541069204269447j),(1.000000361677511-0.0005541069204269447j),(0.6241691775052975+0j)
41,0.8682395800443363,0.12942221038877125,-0.01622191386671175,20.202126360534795,3.111727337321577,54608795.3582909,(-109217590.71658179+0j),(1.7386151567945836+0j),(-3.294280009891182e-08+0j),(0.5751710999455687+0j),(0.9989181581826532+0j),(1.0010818648192379+0j)
42,0.8682854747033932,0.12940473626235108,-0.01651034785431708,20.20831143423861,3.111725068607391,132907059.69253303,(-109535046.49590322+0j),(1.8598608991976089+0j),(3.7620273983692e-09+0j),(0.5376748284475579+0j),(0.9994429100045358+0j),(1.0005570398272718+0j)
43,0.8683291506756499,0.12938850054015277,-0.016783814459572978,20.214202216864997,3.1117224461326187,54926405.99896846,(-109852811.9979369+0j),(1.970017929785809+0j),(-1.9419697395297105e-08+0j),(1.0005899755639063+0j),(0.9994104896668962+0j),(0.5076095315028525+0j)
44,0.8683707155549677,0.12937339802964196,-0.017043154005976495,20.21981269674045,3.11171953891923,55084562.3841737,(-110169124.76834738+0j),(2.0713874982073457+0j),(-3.051820128330396e-08+0j),(0.4827682311105982+0j),(0.9999998121457685+0.0005919370421383797j),(0.9999998121457685-0.0005919370421383797j)
45,0.8684102717951615,0.12935933409319178,-0.01728915300093619,20.225156199007873,3.1117164064790668,55241254.99113766,(-110482509.9822753+0j),(2.1654127702922845+0j),(-1.1390787607457375e-08+0j),(0.46180568727488597+0j),(0.9994131555461668+0j),(1.0005871457861422+0j)
46,0.8684479169334346,0.1293462234388534,-0.0175225482874477,20.23024541684407,3.1117131000556366,55395871.20508639,(-110791742.41017276+0j),(2.2530903097231487+0j),(1.0002229264537148+0j),(0.9997770037694944+0j),(-2.1499079977449788e-08+0j),(0.4438349120103345+0j)
47,0.8684869719321695,0.1293328981863725,-0.017763956847301983,20.23552935130404,3.1117093403619744,1937728559.6555042,(-111123673.14158112+0j),(2.342481533147743+0j),(2.5803407681047527e-10+0j),(0.426897704499724+0j),(0.9995857901206574+0j),(1.0004143771394625+0j)
48,0.868521066659761,0.12932149092584702,-0.01797410909170873,20.240145711864688,3.111705788488837,55711267.89931904,(-111422535.79863806+0j),(2.4193834049945915+0j),(-2.6958335710859662e-08+0j),(0.4133285402942101+0j),(0.9998496618859878+0j),(1.0001502018053305+0j)
49,0.8685564394120695,0.12930987398732371,-0.018191561657218674,20.24493867895145,3.111701842143491,55870697.190544106,(-111741394.3810882+0j),(2.49817049817486+0j),(1.6037604857532285e-08+0j),(0.40029298869770075+0j),(0.9997504941255213+0j),(1.0002494843311482+0j)
50,0.8685901032039414,0.12929902053346615,-0.018397971281466086,20.24950353744816,3.111697843184635,56026508.723907776,(-112053017.44781554+0j),(2.572291221301109+0j),(0.9999999674995426+0.00034012834528134944j),(0.9999999674995426-0.00034012834528134944j),(0.3887584518957928+0j),(-1.58294093477162e-08+0j)
51,0.8686221411974604,0.1292888710194419,-0.018593933408511454,20.25385113630428,3.1116938204315288,504775963.43853235,(-112356858.0799644+0j),(2.6421088219644777+0j),(-9.905384491646581e-10+0j),(0.3784855185728741+0j),(1.000000006065846+0.0002882277760789848j),(1.000000006065846-0.0002882277760789848j)
52,0.8686526325014864,0.1292793714120987,-0.018780007865291153,20.257991809311186,3.111689798314893,56326248.86289756,(-112652497.7257951+0j),(2.7079366417807242+0j),(-1.7233128417608754e-08+0j),(0.3692849845748936+0j),(0.9994967453104355+0j),(1.00050328681359+0j)
53,0.8686816523626383,0.1292704726021652,-0.01895672134856877,20.261935399464903,3.111685797450632,111970692.62658423,(-112939628.56973985+0j),(2.7700502331818213+0j),(0.9999999639794724+0.00042213862811339627j),(0.9999999639794724-0.00042213862811339627j),(0.36100423773150336+0j),(-4.465454202980337e-09+0j)
54,0.8687092723491542,0.129262129886518,-0.01912456970295419,20.26569128218965,3.1116818351392075,278024404.3582198,(-113218037.0487901+0j),(2.828694046862834+0j),(1.0000000711079267+0.00011577897198124254j),(1.0000000711079267-0.00011577897198124254j),(0.3535199235623045+0j),(-1.7984032774179649e-09+0j)
55,0.8687355605269592,0.1292543025109753,-0.01928402000897769,20.269268387473787,3.1116779258012306,56743795.130750194,(-113487590.26150037+0j),(2.8840899945598633+0j),(1.00000001840438+1.2447726936280774e-05j),(1.00000001840438-1.2447726936280774e-05j),(0.3467298155517129+0j),(-2.007425628239404e-08+0j)
56,0.8687605816288455,0.12924695326637528,-0.019435512503532124,20.27267522096706,3.111674081356966,56874112.00520194,(-113748224.01040387+0j),(2.9364397375520808+0j),(-2.993832219308695e-08+0j),(0.34054845873433737+0j),(0.9999998732047641+0.0005013226359188877j),(0.9999998732047641-0.0005013226359188877j)
57,0.868784397215868,0.1292400481306552,-0.019579462345173833,20.275919884087187,3.111670311557965,343580980.60721594,(-113999932.01666126+0j),(2.9859275956891627+0j),(-1.4552609958686953e-09+0j),(0.3349042837939712+0j),(0.9999998912771906+0.0005458984891686151j),(0.9999998912771906-0.0005458984891686151j)
58,0.8688070658319784,0.12923355595164615,-0.01971626124266651,20.279010093180588,3.111666624276311,57121378.502175264,(-114242757.00435051+0j),(3.032724355030705+0j),(-3.3960542466314516e-08+0j),(0.3297365334064107+0j),(0.9999999616481736+0.00018347565738688373j),(0.9999999616481736-0.00018347565738688373j)
59,0.8688286431514989,0.1292274481652233,-0.019846278957427,20.281953197781164,3.1116630257574838,57238391.35364316,(-114476782.7072863+0j),(3.076988414217445+0j),(-1.7266439524080882e-08+0j),(0.3249931324712389+0j),(0.9996158095584928+0j),(1.000384263178562+0j)
60,0.8688491821198364,0.12922169854461105,-0.01996986469230661,20.284756198008658,3.1116595208412985,57351063.41766191,(-114702126.83532381+0j),(3.1188672033798674+0j),(1.0001868345045024+0j),(0.9998130785669722+0j),(0.3206292902130981+0j),(-2.4404352207762423e-08+0j)
61,0.86886873308777,0.12921628297714224,-0.020087348377472333,20.287425761146384,3.1116561131549116,57459467.6598565,(-114918935.31971298+0j),(3.1584974732026443+0j),(-2.5004369322189603e-08+0j),(0.31660631821822155+0j),(0.9996637915285881+0j),(1.000336161564583+0j)
62,0.8688873439392403,0.12921117926503942,-0.02019904186135637,20.289968237436508,3.11165280528167,57563688.41936179,(-115127376.83872357+0j),(3.1960079302706683+0j),(1.0000499198508999+0j),(0.9999500379546207+0j),(-2.7726512157614714e-08+0j),(0.3128903928150662+0j)
63,0.868905060213023,0.12920636694741958,-0.02030524001559157,20.292389675129375,3.111649598908749,57663819.24767633,(-115327638.49535264+0j),(3.2315186538961758+0j),(0.9999999230203227+0.00027582827734370306j),(0.9999999230203227-0.00027582827734370306j),(-1.2247204200362786e-08+0j),(0.3094520578780765+0j)
64,0.8689219252185274,0.1292018271410735,-0.020406221761251998,20.29469583482148,3.111646494956212,57759960.96655262,(-115519921.93310523+0j),(3.2651422245524264+0j),(0.9999999534361761+0.00028256041492075303j),(0.9999999534361761-0.00028256041492075303j),(-2.6179793731740554e-08+0j),(0.30626538293512656+0j)
65,0.868937980146302,0.12919754239797,-0.020502251024636185,20.29689220311524,3.1116434936895665,57852220.000196934,(-115704440.00039385+0j),(3.29698458956869+0j),(0.9999999981226617+0.00045608643022663966j),(0.9999999981226617-0.00045608643022663966j),(0.30330736744315506+0j),(1.1123998409841411e-08+0j)
66,0.8689532641724746,0.1291934965771508,-0.02059357762403063,20.29898400563296,3.1116405948186086,57940706.81859187,(-115881413.63718373+0j),(3.3271451468064694+0j),(-1.1636877719456176e-08+0j),(0.300557978147236+0j),(0.9999999507505613+0.0003774137909131255j),(0.9999999507505613-0.0003774137909131255j)
67,0.8689678145679677,0.12918967472149107,-0.020680438167345043,20.30097621940204,3.1116377975866008,87586790.44777031,(-116051070.19437325+0j),(3.355718774045278+0j),(0.999999381607622+0.001142027564697374j),(0.999999381607622-0.001142027564697374j),(-5.7086233830906225e-09+0j),(0.2979986964682406+0j)
68,0.868982359219172,0.1291858831251988,-0.020767184695966757,20.302968453441192,3.1116349651583164,58110896.36503939,(-116221792.73007877+0j),(3.3841390450782773+0j),(1.0003808950241797+0j),(0.9996190857557847+0j),(-1.173559829122868e-08+0j),(0.2954961884779363+0j)
69,0.8689976249086259,0.12918193415620466,-0.020858146601634854,20.305060320795953,3.1116319535919645,58201091.158281885,(-116402182.31656376+0j),(3.4138177791116524+0j),(-2.4820449117010422e-08+0j),(0.2929271542577126+0j),(0.9998878953859682+0j),(1.0001121636048285+0j)
70,0.8690136469960164,0.12917782287827892,-0.020953522693381098,20.30725680521638,3.1116287504821445,58296408.82392997,(-116592817.64785993+0j),(3.444796609592009+0j),(1.0005448464449476+0j),(0.9994552029553719+0j),(0.29029300246843925+0j),(-2.4944736964132954e-08+0j)
71,0.8690304625417459,0.12917354433975256,-0.021053520672896474,20.309563139816916,3.1116253425158695,1689775211.1238673,(-116794313.51610306+0j),(3.477118653925575+0j),(1.000348965069658+0j),(0.9996510481518602+0j),(2.958973458176432e-10+0j),(0.2875944955188299+0j)
72,0.8690481103733696,0.1291690935968595,-0.021158357408772782,20.311984819573468,3.111621715403544,6586933187.090012,(-117007321.4982348+0j),(3.5108257448780704+0j),(-7.590785966676717e-11+0j),(0.2848332496103584+0j),(1.000000006990509+0.00011171598509620372j),(1.000000006990509-0.00011171598509620372j)
73,0.8690666311641858,0.12916446572949958,-0.021268259289724027,20.314527614433363,3.11161785380931,58616266.31716862,(-117232532.63433723+0j),(3.5459582384990123+0j),(1.000419848088741+0j),(0.9995802664742061+0j),(0.2820112436899004+0j),(1.0015697232306503e-08+0j)
74,0.8690860675141926,0.12915965585739608,-0.02138346258612812,20.317197583082237,3.111613741277899,58735339.29138327,(-117470678.58276652+0j),(3.5825554331667204+0j),(0.9999999946587561+0.00018346157751794855j),(0.9999999946587561-0.00018346157751794855j),(-1.5867459812863334e-08+0j),(0.2791303239262297+0j)
75,0.8691064640342232,0.12915465915680271,-0.02150421382368728,20.32000108739991,3.111609360157301,58861266.88753364,(-117722533.77506727+0j),(3.62065273307665+0j),(1.0001099386081318+0j),(0.9998900735189046+0j),(-1.0970359500255007e-08+0j),(0.2761932895305929+0j)
76,0.8691278674323636,0.1291494708768197,-0.0216307701660056,20.32294480764063,3.1116046915182514,58994458.35598112,(-117988916.71196222+0j),(3.6602828437256063+0j),(1.0003982675372056+0j),(0.9996018495665747+0j),(0.27320293860227346+0j),(1.0346525582818217e-08+0j)
77,0.8691503266033455,0.1291440863553299,-0.0217633998094979,20.326035758373035,3.1115997150699863,59135345.7685929,(-118270691.53718579+0j),(3.7014739089894526+0j),(1.000308682744914+0j),(0.9996913337887657+0j),(0.27016269201115695+0j),(-2.857043843925861e-08+0j)
78,0.8691738927204897,0.1291385010334841,-0.021902382390219497,20.32928130521817,3.1115944090731458,99852948.60009132,(-118568769.05305235+0j),(3.7442479480013953+0j),(-5.007363397975237e-09+0j),(0.2670763936609248+0j),(1.0002304606221712+0j),(0.9997694851702073+0j)
79,0.8691986193300828,0.1291327104680447,-0.022048009403083445,20.33268918242545,3.111588750250178,59442053.64412141,(-118884107.2882428+0j),(3.788619814044371+0j),(-1.2842228963942708e-08+0j),(0.2639483586080018+0j),(0.9999999526553718+0.00035109363455852006j),(0.9999999526553718-0.00035109363455852006j)
80,0.8692245624483251,0.12912671034039358,-0.022200584636368013,20.33626751132783,3.111582713693938,59608855.98628914,(-119217711.97257827+0j),(3.834595239275372+0j),(-3.0628117896061136e-08+0j),(0.2607837713947372+0j),(1.0003527952231814+0j),(0.9996471481711187+0j)
81,0.8692517806602994,0.12912049646068488,-0.0223604246213539,20.340024819720497,3.1115762727756935,237498055.9430066,(-119570635.78870864+0j),(3.8821692311829654+0j),(1.000145131788379+0j),(0.999854886852532+0j),(0.25758795706767357+0j),(2.1052803906739643e-09+0j)
82,0.8692803352213914,0.12911406476552156,-0.022527859102436966,20.343970062208356,3.1115693990533977,73669247.578323,(-119943976.92308272+0j),(3.9313229622704524+0j),(1.0000000262266635+0.0003467468395125291j),(1.0000000262266635-0.0003467468395125291j),(-6.787092530956211e-09+0j),(0.2543672422862321+0j)
83,0.8693102901598501,0.12910741130625494,-0.02270323152643325,20.348112641571095,3.111562062182886,60169438.28469626,(-120338876.5693925+0j),(3.982020893071219+0j),(-2.0358353065375753e-08+0j),(0.25112873709356415+0j),(1.000000009105441+0.0002256721151305176j),(1.000000009105441-0.0002256721151305176j)
84,0.8693417123817283,0.12910053222578438,-0.02288689956177718,20.352462431194944,3.1115542298328713,60378257.183344364,(-120756514.36668871+0j),(4.034207278492091+0j),(1.1663248121889404e-08+0j),(0.24788019711922948+0j),(1.0003761973765721+0j),(0.9996239052063419+0j)
85,0.8693746717762051,0.129093423719058,-0.023079235646741886,20.35702979862506,3.1115458676082057,60599051.279081665,(-121198102.55816332+0j),(4.087802421976495+0j),(-9.40258039001529e-09+0j),(0.24463026663817897+0j),(1.0003014750766694+0j),(0.9996985781637122+0j)
86,0.8694092413220731,0.12908608197318294,-0.02328062757917423,20.361825630292582,3.1115369389840555,60832438.51776913,(-121664877.03553824+0j),(4.142696762991129+0j),(0.9999999544258937+0.0003586448249157305j),(0.9999999544258937-0.0003586448249157305j),(-2.0406689341230606e-08+0j),(0.24138865740516083+0j)
87,0.8694425010175341,0.12907912481730882,-0.023474068317991793,20.36644497312718,3.1115281995964486,172213076.81950918,(-122117192.21791057+0j),(4.1941739280428605+0j),(0.9999999916374013+0.0004615181319319828j),(0.9999999916374013-0.0004615181319319828j),(-2.9033799827177667e-09+0j),(0.23842588656848065+0j)
88,0.8694773841940581,0.1290719360498176,-0.023676622958518412,20.371295377967176,3.1115188803577944,61297344.56581983,(-122594689.13163964+0j),(4.246685149343627+0j),(0.9999999430677295+0.00024788609811584266j),(0.9999999430677295-0.00024788609811584266j),(0.2354778196020188+0j),(-3.1081542644057337e-08+0j)
89,0.869513967521065,0.12906451095531263,-0.02388869912650865,20.376388405784436,3.111508942675947,61549261.58508628,(-123098523.17017254+0j),(4.300047307271219+0j),(-1.0855823516943646e-08+0j),(0.23255565860714214+0j),(0.9996204003496678+0j),(1.00037959556406+0j)
90,0.8695523309776004,0.1290568444049659,-0.02411072158249018,20.381736196091904,3.111498345891842,110947194.58574201,(-123629822.33571742+0j),(4.354028564475256+0j),(1.0000000207957307+0.00019848320491589675j),(1.0000000207957307-0.00019848320491589675j),(0.22967231792146967+0j),(-4.506648427361459e-09+0j)
91,0.8695925579557254,0.12904893064660333,-0.024343133088540574,20.387351495862607,3.1114870473180787,62094829.777791075,(-124189659.55558214+0j),(4.408337531682789+0j),(1.000102676681229+0j),(0.9998973260422334+0j),(0.2268429151292005+0j),(-2.7008939288888055e-08+0j)
92,0.8696347353618844,0.12904076302600434,-0.024586395402260534,20.393247689880717,3.1114750023273796,2044525704.6827748,(-124779017.78690836+0j),(4.462612105456521+0j),(-2.4455549707925007e-10+0j),(0.2240839644816648+0j),(1.000034361155891+0j),(0.9999657278426249+0j)
93,0.8696789537148458,0.12903233361886848,-0.024840990434517467,20.399438832591596,3.111462164507718,229224628.5295118,(-125398742.66042075+0j),(4.5164046663929005+0j),(2.181266486099363e-09+0j),(0.2214150217050497+0j),(0.9998820465325462+0j),(1.0001179896907388+0j)
94,0.8697253072389175,0.12902363274658923,-0.025107421622017366,20.405939681519275,3.1114484859058793,63024740.95253624,(-126049481.90507247+0j),(4.569164038443973+0j),(0.9999999995010391+0.00016126024688356766j),(0.9999999995010391-0.00016126024688356766j),(1.4011560292296575e-08+0j),(0.21885841565449124+0j)
95,0.8697738939513731,0.12901464834033416,-0.025386215585793435,20.412765732320356,3.111433917388023,63365802.68107693,(-126731605.36215384+0j),(4.62021442899444+0j),(0.9999999838435361+0.0002476846407766377j),(0.9999999838435361-0.0002476846407766377j),(0.21644016108337902+0j),(1.011710832262605e-08+0j)
96,0.8698248157413839,0.1290053651047894,-0.025677924166836605,20.419933255544628,3.111418409157078,120812580.59207803,(-127445100.50633869+0j),(4.668728440232133+0j),(1.0000000249261132+0.0002178241435329991j),(1.0000000249261132-0.0002178241435329991j),(-4.138641833074015e-09+0j),(0.21419102166470622+0j)
97,0.8698781784391254,0.12899576341640004,-0.025983126973502763,20.427459335169935,3.111401911479325,64094717.249745585,(-128189434.49949116+0j),(4.713694689492513+0j),(-1.9650523256495048e-08+0j),(0.21214783782307386+0j),(1.000178753380582+0j),(0.999821229550231+0j)
98,0.8699340918717791,0.12898581786504532,-0.026302434621798307,20.435361908976372,3.1113843756941617,64481686.04817863,(-128963372.09635724+0j),(4.753876814925982+0j),(1.000322344848429+0j),(0.9996775872992252+0j),(-1.8271535997269815e-08+0j),(0.21035470789316157+0j)
99,0.8699926699032807,0.12897549531195526,-0.026636492929366724,20.4436598108171,3.111365755609717,64882366.25103662,(-129764732.50207323+0j),(4.787762725081718+0j),(1.0004275939336906+0j),(0.9995723876703207+0j),(-2.9229818747555746e-08+0j),(0.20886585838478786+0j)
100,0.8700540304533096,0.12896475228140258,-0.026985988438003667,20.452372814830383,3.1113460094318,65295031.50421355,(-130590063.00842708+0j),(4.813499914280383+0j),(-1.892880725081671e-08+0j),(0.2077491229675414+0j),(0.9996981177335247+0j),(1.000301807680113+0j)
101,0.8701182954906754,0.12895353142113644,-0.02735165581856293,20.461521681614368,3.1113251024395785,65717097.63323856,(-131434195.26647711+0j),(4.828813001649484+0j),(1.0002751048918392+0j),(0.9997248671466002+0j),(-3.291951303371449e-08+0j),(0.20709027766486143+0j)
102,0.8701855909939706,0.12894175663546223,-0.027734287987044803,20.471128206348105,3.1113030107270365,66144817.41615062,(-132289634.83230123+0j),(4.830896592594645+0j),(1.0002181917644855+0j),(0.9997818269271379+0j),(-8.680154977442855e-09+0j),(0.2070009292481454+0j)
103,0.8702560468711557,0.12892932628551063,-0.028134750212984283,20.481215268775188,3.111279726496652,250511244.8623081,(-133145708.71602182+0j),(4.8162737548578844+0j),(0.999999990399735+0.0003464600934248256j),(0.999999990399735-0.0003464600934248256j),(-1.99591838791437e-09+0j),(0.2076293544470315+0j)
104,0.8703297968269156,0.1289161035026822,-0.02855400024956866,20.49180688485046,3.1112552656710095,1302570000.8840575,(-133987352.0807548+0j),(4.780604638825793+0j),(3.838565295229038e-10+0j),(0.20917850038108096+0j),(1.0000000204221928+0.0003517722884288313j),(1.0000000204221928-0.0003517722884288313j)
105,0.8704069781645283,0.1289019020600726,-0.028993117820482635,20.502928259640317,3.111229679068285,73194205.11826767,(-134793344.26599082+0j),(4.71842262356479+0j),(1.0002096472415016+0j),(0.9997903297736165+0j),(0.21193523104294193+0j),(6.831141880591459e-09+0j)
106,0.8704877315061043,0.1288864651626064,-0.029453349157080515,20.51460584067531,3.1112030692532326,67766836.07922715,(-135533672.1584543+0j),(4.622753760636157+0j),(-3.262184731536833e-08+0j),(0.21632127946156818+0j),(1.000219839330616+0j),(0.9997801938668772+0j)
107,0.8705722004147544,0.12886943245943713,-0.029936176782416918,20.526867370183748,3.1111756168157756,124383690.70992647,(-136165459.09888726+0j),(4.4845476913988795+0j),(-4.0198196173969725e-09+0j),(0.22298792916816226+0j),(0.9998821680190788+0j),(1.0001178698907995+0j)
108,0.8706605309114341,0.12885028642517424,-0.030443433888938796,20.539741933023638,3.1111476231401287,68313205.65686081,(-136626411.31372163+0j),(4.291770803849031+0j),(-1.5645754526745703e-08+0j),(0.23300401720946765+0j),(1.0000000057893692+0.0002727251471400707j),(1.0000000057893692-0.0002727251471400707j)
109,0.8707528709163077,0.12882826018959773,-0.03097750270365953,20.55325999348798,3.111119583941775,68411847.28546771,(-136823694.57093543+0j),(4.027840671563574+0j),(-3.959310219732199e-08+0j),(0.24827202942847976+0j),(0.9999999910507105+7.319455674915809e-05j),(0.9999999910507105-7.319455674915809e-05j)
110,0.8708493697837256,0.12880216710383,-0.031541684679026585,20.56745340504434,3.111092325168638,68306845.97193012,(-136613691.94386023+0j),(3.668585642394418+0j),(1.0000000287699917+0.0005186552790057359j),(1.0000000287699917-0.0005186552790057359j),(9.893822465508953e-09+0j),(0.27258448122976114+0j)
111,0.8709501786002085,0.12877005282421447,-0.03214096326589719,20.582355351028482,3.1110672801091233,94016595.10874546,(-135761475.99273854+0j),(3.175129670864802+0j),(5.318210039638947e-09+0j),(0.3149477803968225+0j),(0.9997625622645915+0j),(1.0002374109772685+0j)
112,0.8710554539546128,0.1287283765854092,-0.03278381575077273,20.598000084681065,3.1110471405094815,1283261905.3645704,(-133847604.18076327+0j),(2.4702691247262583+0j),(3.896320758138236e-10+0j),(0.4048140029989954+0j),(1.000000031249131+0.000542339525424859j),(1.000000031249131-0.000542339525424859j)
113,0.871158278172373,0.12867409709136043,-0.03344063363776699,20.61335883633299,3.1110378327756814,65166110.67330019,(-130332221.34660037+0j),(-2.1675038541779656e-08+0j),(1.3081534360545488+0j),(1.0000001236833078+0.0017388317600913852j),(1.0000001236833078-0.0017388317600913852j),(0.7644338083752819+0j)
114,0.8712657769014852,0.12858743139144785,-0.03419199393512159,20.62947356207754,3.11105149413238,1060601054.4722775,(-123190569.2441094+0j),(0.43377433558409073+0.9010215913294688j),(0.43377433558409073-0.9010215913294688j),(4.714307966144581e-10+0j),(0.9996580162186804+0j),(1.0003420081223098+0j)
115,0.8713412482811538,0.1284711412938567,-0.03484042446946177,20.640724789228184,3.111105084947804,90921273.84001632,(-112110464.27098317+0j),(1.0001854544090099+0j),(0.9998145559057956+0j),(-5.49926303144182e-09+0j),(-0.26715391531020716+0.9636539007877912j),(-0.26715391531020716-0.9636539007877912j)
116,0.871367117640221,0.12837643874546179,-0.035182728884025766,20.644420866130776,3.1111672566245274,51310143.93732339,(-102620287.87464677+0j),(-0.7455782342808481+0.6664180901332265j),(-0.7455782342808481-0.6664180901332265j),(-3.522149032249994e-08+0j),(1.0000000063970007+0.00010404892117286628j),(1.0000000063970007-0.00010404892117286628j)
